filepath,relative_path,split,class,filename,size_bytes,hash,width,height,mode,status,error,selected_for_calibration
D:/Quantization embedded/datasets/calibration/dataset/train/bridge/bridge10.png,datasets/calibration/dataset/train/bridge/bridge10.png,train,bridge,bridge10.png,52936,ec6738d8d8b057bc46068eaa6bfe921d8291799b68fb5a1e2272d4b4f8fd6331,256,256,L,valid,,False
D:/Quantization embedded/datasets/calibration/dataset/train/bridge/bridge104.png,datasets/calibration/dataset/train/bridge/bridge104.png,train,bridge,bridge104.png,35101,09c7e957058fc076810d1bf7e8146d3bf8a10ba259012bbaf2762421d99e2717,256,256,L,valid,,True
D:/Quantization embedded/datasets/calibration/dataset/train/bridge/bridge105.png,datasets/calibration/dataset/train/bridge/bridge105.png,train,bridge,bridge105.png,50464,31c599020dbf71d6fa43c845499786da0b92d55e5b9c9dc4f40bb3711a7f1edc,256,256,L,valid,,False
D:/Quantization embedded/datasets/calibration/dataset/train/bridge/bridge107.png,datasets/calibration/dataset/train/bridge/bridge107.png,train,bridge,bridge107.png,46132,9f9be7774a5dbb877930293fe7f9f29322b24732bd8dc5d374b3d6ab6ecc39e3,256,256,L,valid,,False
D:/Quantization embedded/datasets/calibration/dataset/train/bridge/bridge108.png,datasets/calibration/dataset/train/bridge/bridge108.png,train,bridge,bridge108.png,47906,bb58852d24ba0cca34698320ff0ea108be64fbdd29187aabe8e5d31783a89b99,256,256,L,valid,,False
D:/Quantization embedded/datasets/calibration/dataset/train/bridge/bridge11.png,datasets/calibration/dataset/train/bridge/bridge11.png,train,bridge,bridge11.png,54115,4fc212a9364f99e1c2ce697f803b9051fb0ff0de32e37a9e5c8f68c6fa4dc7f1,256,256,L,valid,,False
D:/Quantization embedded/datasets/calibration/dataset/train/bridge/bridge111.png,datasets/calibration/dataset/train/bridge/bridge111.png,train,bridge,bridge111.png,35252,dd5c51e0ebfe375eeac6a903432a9c6c0a420f376d480526dc870cbbeb6ff634,256,256,L,valid,,False
D:/Quantization embedded/datasets/calibration/dataset/train/bridge/bridge113.png,datasets/calibration/dataset/train/bridge/bridge113.png,train,bridge,bridge113.png,51664,9757c3575c889747055eca06b5284d59dc41cbb8c8032df9adbf2a4eb823e9b2,256,256,L,valid,,False
D:/Quantization embedded/datasets/calibration/dataset/train/bridge/bridge114.png,datasets/calibration/dataset/train/bridge/bridge114.png,train,bridge,bridge114.png,48538,1c580605a7004c231715bc372cee385940b3dbdb56a433892b0303793c372cc9,256,256,L,valid,,False
D:/Quantization embedded/datasets/calibration/dataset/train/bridge/bridge115.png,datasets/calibration/dataset/train/bridge/bridge115.png,train,bridge,bridge115.png,51078,eeff865bcdad8ee994c10f3fb802123dc7d3ac69f089edfbdcbb3b636d9bec0c,256,256,L,valid,,True
D:/Quantization embedded/datasets/calibration/dataset/train/bridge/bridge116.png,datasets/calibration/dataset/train/bridge/bridge116.png,train,bridge,bridge116.png,42227,769919dc2e39cd2669293b57f6b9e22a0205e95875b576294b6a364811d2a7d4,256,256,L,valid,,False
D:/Quantization embedded/datasets/calibration/dataset/train/bridge/bridge117.png,datasets/calibration/dataset/train/bridge/bridge117.png,train,bridge,bridge117.png,42099,d2e4b2c0c5438e666170330d5b14c87fd23a7ff9bd3c77261ca52c4a5b03a422,256,256,L,valid,,False
D:/Quantization embedded/datasets/calibration/dataset/train/bridge/bridge118.png,datasets/calibration/dataset/train/bridge/bridge118.png,train,bridge,bridge118.png,45971,86a3c1e7fadfdcb02549e59e980faced29b667c3be07155a6f44ea44ac2a5fee,256,256,L,valid,,False
D:/Quantization embedded/datasets/calibration/dataset/train/bridge/bridge12.png,datasets/calibration/dataset/train/bridge/bridge12.png,train,bridge,bridge12.png,40765,b67b08b03640c9ed698eff4c13b0259f173050e3a440ef07ddf2c08f3b724438,256,256,L,valid,,False
D:/Quantization embedded/datasets/calibration/dataset/train/bridge/bridge120.png,datasets/calibration/dataset/train/bridge/bridge120.png,train,bridge,bridge120.png,34609,70ff5801b8a33dd063518be0b0b82ee87ae4853db358896bc0580c7a47ed5cdf,256,256,L,valid,,False
D:/Quantization embedded/datasets/calibration/dataset/train/bridge/bridge121.png,datasets/calibration/dataset/train/bridge/bridge121.png,train,bridge,bridge121.png,36654,caade7482b1172eac2548ced276d8583fb8013e11efd8fb14bfd4233e6ba3978,256,256,L,valid,,True
D:/Quantization embedded/datasets/calibration/dataset/train/bridge/bridge122.png,datasets/calibration/dataset/train/bridge/bridge122.png,train,bridge,bridge122.png,43738,eeb57acccedf5f65c5bf3b79054ef1cf55d6c965e21003f75ed815aa3bff2ac9,256,256,L,valid,,True
D:/Quantization embedded/datasets/calibration/dataset/train/bridge/bridge123.png,datasets/calibration/dataset/train/bridge/bridge123.png,train,bridge,bridge123.png,47255,47ade80dde4d01256e0b3c5e1f30f5eac7ef7ca4ef891e28336f82049dbb6545,256,256,L,valid,,False
D:/Quantization embedded/datasets/calibration/dataset/train/bridge/bridge124.png,datasets/calibration/dataset/train/bridge/bridge124.png,train,bridge,bridge124.png,51389,9cefd1dc1b1160194fb971a28f79aa89944537a20777e36500e084688b3e524b,256,256,L,valid,,False
D:/Quantization embedded/datasets/calibration/dataset/train/bridge/bridge125.png,datasets/calibration/dataset/train/bridge/bridge125.png,train,bridge,bridge125.png,29255,d1b0a8ba9b46f434c7f4ec54dd2e063b6923902bbd13dd448835fbc5f9250e94,256,256,L,valid,,False
D:/Quantization embedded/datasets/calibration/dataset/train/bridge/bridge126.png,datasets/calibration/dataset/train/bridge/bridge126.png,train,bridge,bridge126.png,59389,030e2bb5ad1ba159239360e92441cb37684dda6e3c7af9d37143a4a3bd91b774,256,256,L,valid,,False
D:/Quantization embedded/datasets/calibration/dataset/train/bridge/bridge127.png,datasets/calibration/dataset/train/bridge/bridge127.png,train,bridge,bridge127.png,44620,efd843dcdea265dd4dc7075d4486465a6f315035ad1feb30ead6920a673e8d39,256,256,L,valid,,False
D:/Quantization embedded/datasets/calibration/dataset/train/bridge/bridge128.png,datasets/calibration/dataset/train/bridge/bridge128.png,train,bridge,bridge128.png,59046,3872087ed060e098c1c51c8e9c037866f903f8e20e9b293da5e694bfafc4ce50,256,256,L,valid,,False
D:/Quantization embedded/datasets/calibration/dataset/train/bridge/bridge129.png,datasets/calibration/dataset/train/bridge/bridge129.png,train,bridge,bridge129.png,52165,c4ece4b91cd75653fae40fec130391ef551b3f8c77de5ea18db98026b94fe17c,256,256,L,valid,,False
D:/Quantization embedded/datasets/calibration/dataset/train/bridge/bridge130.png,datasets/calibration/dataset/train/bridge/bridge130.png,train,bridge,bridge130.png,47377,3ab6c24263b01227edb25c5fe126be7016b91309b63d15069757e74eb4fc7c7b,256,256,L,valid,,False
D:/Quantization embedded/datasets/calibration/dataset/train/bridge/bridge131.png,datasets/calibration/dataset/train/bridge/bridge131.png,train,bridge,bridge131.png,45589,af2a7abfe1f57b43cd76bd2887a82e68d9eff7ddf15286e9b2838b5e46290cf4,256,256,L,valid,,False
D:/Quantization embedded/datasets/calibration/dataset/train/bridge/bridge132.png,datasets/calibration/dataset/train/bridge/bridge132.png,train,bridge,bridge132.png,47537,b54fd2f5d4de0c0cf90073dd5f51b6fd0e91ff0e5d96c423ba5b07d8347fecac,256,256,L,valid,,True
D:/Quantization embedded/datasets/calibration/dataset/train/bridge/bridge133.png,datasets/calibration/dataset/train/bridge/bridge133.png,train,bridge,bridge133.png,47862,405507c3ba103afc9253e1e38b9a5f1afa277582426ab390d68eea20df572564,256,256,L,valid,,False
D:/Quantization embedded/datasets/calibration/dataset/train/bridge/bridge135.png,datasets/calibration/dataset/train/bridge/bridge135.png,train,bridge,bridge135.png,46451,cdb3914e30238566bed6d54e34b727fbbf0e9b0d4d23aa71c980ad685a332613,256,256,L,valid,,False
D:/Quantization embedded/datasets/calibration/dataset/train/bridge/bridge136.png,datasets/calibration/dataset/train/bridge/bridge136.png,train,bridge,bridge136.png,36646,66ab04f458a561bf36172dd815dad53790088ee4f0d73785deac6eb775552806,256,256,L,valid,,False
D:/Quantization embedded/datasets/calibration/dataset/train/bridge/bridge137.png,datasets/calibration/dataset/train/bridge/bridge137.png,train,bridge,bridge137.png,44871,5bdf7491d7093190585a4acf384018ce7994de045da794bba66d6cf8e1b85f86,256,256,L,valid,,False
D:/Quantization embedded/datasets/calibration/dataset/train/bridge/bridge138.png,datasets/calibration/dataset/train/bridge/bridge138.png,train,bridge,bridge138.png,47438,437b1285133859ebcae0de842aa153e6b85c966b19ef70e3024796e13cf215d0,256,256,L,valid,,False
D:/Quantization embedded/datasets/calibration/dataset/train/bridge/bridge139.png,datasets/calibration/dataset/train/bridge/bridge139.png,train,bridge,bridge139.png,46147,82b9bbfaf57b29357c01f0f3251f79014e5f95cf2809cfb606a77781c5e02fb8,256,256,L,valid,,False
D:/Quantization embedded/datasets/calibration/dataset/train/bridge/bridge140.png,datasets/calibration/dataset/train/bridge/bridge140.png,train,bridge,bridge140.png,52180,8b10e2d2dccaaa2a2ac8597cecc335dd16210e280a3ec1e2fe6d1cdb1d8c5bd4,256,256,L,valid,,False
D:/Quantization embedded/datasets/calibration/dataset/train/bridge/bridge141.png,datasets/calibration/dataset/train/bridge/bridge141.png,train,bridge,bridge141.png,44835,be310c3d8999c78390ce5d655b36faedc8662095192da92d3910fb043bdd607c,256,256,L,valid,,False
D:/Quantization embedded/datasets/calibration/dataset/train/bridge/bridge144.png,datasets/calibration/dataset/train/bridge/bridge144.png,train,bridge,bridge144.png,38630,4a0742998d3d1b9e3698bac478c028bbc8f410f5760b981a8064e0caedb608fe,256,256,L,valid,,False
D:/Quantization embedded/datasets/calibration/dataset/train/bridge/bridge145.png,datasets/calibration/dataset/train/bridge/bridge145.png,train,bridge,bridge145.png,43594,9977dc2e784fd2c17605fad4db0e57000bba8e604b3e0a51e7c3aa698257c252,256,256,L,valid,,False
D:/Quantization embedded/datasets/calibration/dataset/train/bridge/bridge146.png,datasets/calibration/dataset/train/bridge/bridge146.png,train,bridge,bridge146.png,50941,59297163096f552cd2f2e13312a1bf0ce5b5520255d17e8bbdcd09b41cd9c962,256,256,L,valid,,True
D:/Quantization embedded/datasets/calibration/dataset/train/bridge/bridge148.png,datasets/calibration/dataset/train/bridge/bridge148.png,train,bridge,bridge148.png,59711,9343c3813e613d14d77ecd66927390dca04802a2de21627120a0b29110569928,256,256,L,valid,,True
D:/Quantization embedded/datasets/calibration/dataset/train/bridge/bridge15.png,datasets/calibration/dataset/train/bridge/bridge15.png,train,bridge,bridge15.png,51966,4f91fba853afeabba0c27a9bbf051055e202ca66983fedcfd8cff35b88a3a7f0,256,256,L,valid,,False
D:/Quantization embedded/datasets/calibration/dataset/train/bridge/bridge150.png,datasets/calibration/dataset/train/bridge/bridge150.png,train,bridge,bridge150.png,45684,5e142999b5ecb27af022da9d46b45d6c7198e4c6d5f2de10e672eeb01ababbdf,256,256,L,valid,,False
D:/Quantization embedded/datasets/calibration/dataset/train/bridge/bridge153.PNG,datasets/calibration/dataset/train/bridge/bridge153.PNG,train,bridge,bridge153.PNG,134133,f5f5bb065a4bd0023e78e26885d8aa1d039630612850e1f9243d74b738d9267c,330,323,RGBA,valid,,True
D:/Quantization embedded/datasets/calibration/dataset/train/bridge/bridge154.PNG,datasets/calibration/dataset/train/bridge/bridge154.PNG,train,bridge,bridge154.PNG,119205,d22ae77e9d56d218cdc9c86374d518a0e5b916acd9868a1d890531bf749492f1,332,299,RGBA,valid,,False
D:/Quantization embedded/datasets/calibration/dataset/train/bridge/bridge157.PNG,datasets/calibration/dataset/train/bridge/bridge157.PNG,train,bridge,bridge157.PNG,132966,4d4507c47328104e3fdbee4cea782e238ee295a70090459e948b258c8c983d51,336,330,RGBA,valid,,False
D:/Quantization embedded/datasets/calibration/dataset/train/bridge/bridge158.PNG,datasets/calibration/dataset/train/bridge/bridge158.PNG,train,bridge,bridge158.PNG,136279,1928c1c1c4f3287b9f6b99fba31158269645ac8d187d3862db90f18bf767410b,323,331,RGBA,valid,,False
D:/Quantization embedded/datasets/calibration/dataset/train/bridge/bridge159.PNG,datasets/calibration/dataset/train/bridge/bridge159.PNG,train,bridge,bridge159.PNG,31429,714f861811d55316c6f74a5bda902d072366b9fc712686a55f00fb9c23e420f4,176,179,RGBA,valid,,False
D:/Quantization embedded/datasets/calibration/dataset/train/bridge/bridge160.PNG,datasets/calibration/dataset/train/bridge/bridge160.PNG,train,bridge,bridge160.PNG,37427,062a8a0d4849ead838c9e6d746a52dbbda751e6c4ff47288d06e945414d5a429,191,182,RGBA,valid,,False
D:/Quantization embedded/datasets/calibration/dataset/train/bridge/bridge161.PNG,datasets/calibration/dataset/train/bridge/bridge161.PNG,train,bridge,bridge161.PNG,34899,e5607fe4c222fcfb5d75bd0aa467cecdd84325101a197f3484dc8ad2a778bffe,182,179,RGBA,valid,,True
D:/Quantization embedded/datasets/calibration/dataset/train/bridge/bridge17.png,datasets/calibration/dataset/train/bridge/bridge17.png,train,bridge,bridge17.png,49330,88d75a162f106c1c4efd4979446f971556ec0be5e7eb0f8a00bfbbc5c079c7e8,256,256,L,valid,,False
D:/Quantization embedded/datasets/calibration/dataset/train/bridge/bridge18.png,datasets/calibration/dataset/train/bridge/bridge18.png,train,bridge,bridge18.png,39503,aaa5c6e1cffa3563c01821f98d654f115d89f10d179d0eb6ec2c166f991c44d4,256,256,L,valid,,True
D:/Quantization embedded/datasets/calibration/dataset/train/bridge/bridge19.png,datasets/calibration/dataset/train/bridge/bridge19.png,train,bridge,bridge19.png,46808,f3e9e1e1b869d76d18cd560b4c24d6c5b23326213afdac1509f7c5a260b843d0,256,256,L,valid,,False
D:/Quantization embedded/datasets/calibration/dataset/train/bridge/bridge2.JPG,datasets/calibration/dataset/train/bridge/bridge2.JPG,train,bridge,bridge2.JPG,7938,2565781c94cfe42ee5842b030dde68dea33a242f2a2ac513c52322f29c2736d5,226,191,RGB,valid,,False
D:/Quantization embedded/datasets/calibration/dataset/train/bridge/bridge20.png,datasets/calibration/dataset/train/bridge/bridge20.png,train,bridge,bridge20.png,59867,e2a1c78b62937d3884a0bbd0a143378bc9881f47e7f1ab324404c728557db4c2,256,256,L,valid,,True
D:/Quantization embedded/datasets/calibration/dataset/train/bridge/bridge22.png,datasets/calibration/dataset/train/bridge/bridge22.png,train,bridge,bridge22.png,53214,d8f0383f61327b00db1ff6bade1a44ff204d0493a7fafa2f0f6978021a62b822,256,256,L,valid,,False
D:/Quantization embedded/datasets/calibration/dataset/train/bridge/bridge23.png,datasets/calibration/dataset/train/bridge/bridge23.png,train,bridge,bridge23.png,52906,d224fd290de635e4bcfb371e70f3ab4231880c4135407461b37534645cba8a76,256,256,L,valid,,False
D:/Quantization embedded/datasets/calibration/dataset/train/bridge/bridge24.png,datasets/calibration/dataset/train/bridge/bridge24.png,train,bridge,bridge24.png,40717,57a42f787afdb1c82680878e77488274062613b0a5e96e839ffee402ec6a445a,256,256,L,valid,,False
D:/Quantization embedded/datasets/calibration/dataset/train/bridge/bridge25.png,datasets/calibration/dataset/train/bridge/bridge25.png,train,bridge,bridge25.png,32167,4292d0d29a7f537c9d1c2e2a8d64b6903e016900b5e4a27d42de41434b40b5f9,256,256,L,valid,,False
D:/Quantization embedded/datasets/calibration/dataset/train/bridge/bridge26.png,datasets/calibration/dataset/train/bridge/bridge26.png,train,bridge,bridge26.png,43290,697b3c54986f78c812c14d691151eda560fa865a1c3e9de074824503a13f7f51,256,256,L,valid,,False
D:/Quantization embedded/datasets/calibration/dataset/train/bridge/bridge28.png,datasets/calibration/dataset/train/bridge/bridge28.png,train,bridge,bridge28.png,51125,f1519eef2a11c8a89a0ea4527c0eae07754cc6589b6825597a2bcb56136b10d6,256,256,L,valid,,True
D:/Quantization embedded/datasets/calibration/dataset/train/bridge/bridge3.JPG,datasets/calibration/dataset/train/bridge/bridge3.JPG,train,bridge,bridge3.JPG,50699,d34c3cd7f691bedb93e1c30d4628ce4f936a44720e5bc1c15d7de2851b4834dc,455,446,RGB,valid,,False
D:/Quantization embedded/datasets/calibration/dataset/train/bridge/bridge30.png,datasets/calibration/dataset/train/bridge/bridge30.png,train,bridge,bridge30.png,47254,5ce702af1d427ad401a76610fe331b0d4294d641f1851628576acbc7494dfe3c,256,256,L,valid,,True
D:/Quantization embedded/datasets/calibration/dataset/train/bridge/bridge31.png,datasets/calibration/dataset/train/bridge/bridge31.png,train,bridge,bridge31.png,52878,3c81bea0380e26d414e4fcf43e73d2b1a225c99c1621a3e914b27d1e6354b4e7,256,256,L,valid,,False
D:/Quantization embedded/datasets/calibration/dataset/train/bridge/bridge32.png,datasets/calibration/dataset/train/bridge/bridge32.png,train,bridge,bridge32.png,45116,83b65d9cedc1e85aded1dd804b166c07cd5249f9e4037453159810939320275c,256,256,L,valid,,True
D:/Quantization embedded/datasets/calibration/dataset/train/bridge/bridge35.png,datasets/calibration/dataset/train/bridge/bridge35.png,train,bridge,bridge35.png,36562,73527369c5cae16ff1b04516596719e311998c6d958a0d4a3a659736d5a0ceb2,256,256,L,valid,,True
D:/Quantization embedded/datasets/calibration/dataset/train/bridge/bridge36.png,datasets/calibration/dataset/train/bridge/bridge36.png,train,bridge,bridge36.png,46198,7ac19cb8035c5118b4620035c5910f0bb856b38f43992084f21bfa7bd18f10b1,256,256,L,valid,,False
D:/Quantization embedded/datasets/calibration/dataset/train/bridge/bridge38.png,datasets/calibration/dataset/train/bridge/bridge38.png,train,bridge,bridge38.png,43320,6d5f33d64e33e715d59324328109dd6b14f4e9e590d0b6debd79ae5b03826b23,256,256,L,valid,,False
D:/Quantization embedded/datasets/calibration/dataset/train/bridge/bridge39.png,datasets/calibration/dataset/train/bridge/bridge39.png,train,bridge,bridge39.png,52604,92278dcee6d28a838f11030358d32a3c0b9931dfb89d2f571472c52da1b591ed,256,256,L,valid,,False
D:/Quantization embedded/datasets/calibration/dataset/train/bridge/bridge40.png,datasets/calibration/dataset/train/bridge/bridge40.png,train,bridge,bridge40.png,32303,b0da6ce82e8171e9041e730435b70e877bb1c6a2584356032202f37c9145b604,256,256,L,valid,,True
D:/Quantization embedded/datasets/calibration/dataset/train/bridge/bridge41.png,datasets/calibration/dataset/train/bridge/bridge41.png,train,bridge,bridge41.png,35136,66400adcb420bec1f0d8af7ff35b4156c0244ef61c2c4df89e652b8d8ce65f9b,256,256,L,valid,,True
D:/Quantization embedded/datasets/calibration/dataset/train/bridge/bridge43.png,datasets/calibration/dataset/train/bridge/bridge43.png,train,bridge,bridge43.png,55141,19d12ee6d6dafc475f9b8d34652a8ea69f3c563e37823ffebb346d5d438f155b,256,256,L,valid,,False
D:/Quantization embedded/datasets/calibration/dataset/train/bridge/bridge44.png,datasets/calibration/dataset/train/bridge/bridge44.png,train,bridge,bridge44.png,47662,5de8435a487e850ac1995a6c2defd71d85a6a3b6510907f1b5eec9ad3c506358,256,256,L,valid,,False
D:/Quantization embedded/datasets/calibration/dataset/train/bridge/bridge46.png,datasets/calibration/dataset/train/bridge/bridge46.png,train,bridge,bridge46.png,47346,fdcffbd76c6156325826807190015fcc8a2543eb836906cefc6280e7fa791a62,256,256,L,valid,,False
D:/Quantization embedded/datasets/calibration/dataset/train/bridge/bridge47.png,datasets/calibration/dataset/train/bridge/bridge47.png,train,bridge,bridge47.png,43304,d0799b7aa3be309b658848ea7062bebc6a0679632656e2b80de2cf12d4f15868,256,256,L,valid,,True
D:/Quantization embedded/datasets/calibration/dataset/train/bridge/bridge5.JPG,datasets/calibration/dataset/train/bridge/bridge5.JPG,train,bridge,bridge5.JPG,14866,76d974e5c89c60b1f357039deb6945b11815cbef36a3145cce8c4342f6ce0a3d,230,233,RGB,valid,,False
D:/Quantization embedded/datasets/calibration/dataset/train/bridge/bridge50.png,datasets/calibration/dataset/train/bridge/bridge50.png,train,bridge,bridge50.png,50241,a3841b9692d332515186ec0dffe7ddeebdc4064327707aa4539f9d91cb2ddee0,256,256,L,valid,,False
D:/Quantization embedded/datasets/calibration/dataset/train/bridge/bridge51.png,datasets/calibration/dataset/train/bridge/bridge51.png,train,bridge,bridge51.png,37400,3f89c27728d4c7824aec44f23ef7816485eac1219dd8d85dd75adbcc50224fbf,256,256,L,valid,,False
D:/Quantization embedded/datasets/calibration/dataset/train/bridge/bridge52.png,datasets/calibration/dataset/train/bridge/bridge52.png,train,bridge,bridge52.png,39523,01b279aa257b45de58ce303622c2d27544e75f9d382400712c935b1f3f17c36b,256,256,L,valid,,False
D:/Quantization embedded/datasets/calibration/dataset/train/bridge/bridge53.png,datasets/calibration/dataset/train/bridge/bridge53.png,train,bridge,bridge53.png,40762,3bb50d4a38f11252370cfbc1afc36bc5cc6bdf18317d2d97bf39df750a628d71,256,256,L,valid,,False
D:/Quantization embedded/datasets/calibration/dataset/train/bridge/bridge54.png,datasets/calibration/dataset/train/bridge/bridge54.png,train,bridge,bridge54.png,47098,5bfa7655036c344fed33968cadae959f8fef5630a4ec7de7ff44df2d06b9b902,256,256,L,valid,,False
D:/Quantization embedded/datasets/calibration/dataset/train/bridge/bridge55.png,datasets/calibration/dataset/train/bridge/bridge55.png,train,bridge,bridge55.png,46766,537d7839dd3666981f67e447e5fcbd46885ec46d2185327e18f89ce49e9c4952,256,256,L,valid,,False
D:/Quantization embedded/datasets/calibration/dataset/train/bridge/bridge56.png,datasets/calibration/dataset/train/bridge/bridge56.png,train,bridge,bridge56.png,37543,ee20d7544b768f8a54d6f5f28ad69f68ff0c87b7306ef5f1227c9df506ccbf61,256,256,L,valid,,True
D:/Quantization embedded/datasets/calibration/dataset/train/bridge/bridge57.png,datasets/calibration/dataset/train/bridge/bridge57.png,train,bridge,bridge57.png,36582,ae4cdabee9dde497fe894cfd03e877553238c502b6d165b33ff89e67e285ab21,256,256,L,valid,,False
D:/Quantization embedded/datasets/calibration/dataset/train/bridge/bridge59.png,datasets/calibration/dataset/train/bridge/bridge59.png,train,bridge,bridge59.png,54065,9822db2b797bbfeed9cd5b90c9c9f123c504fbab96a950023fd9e4892417c510,256,256,L,valid,,False
D:/Quantization embedded/datasets/calibration/dataset/train/bridge/bridge6.JPG,datasets/calibration/dataset/train/bridge/bridge6.JPG,train,bridge,bridge6.JPG,14047,b6c2dbfb8ffa6e5a8a5c3ff62a7f23998e76652d0667237a50b5ed987c35a7ea,233,243,RGB,valid,,False
D:/Quantization embedded/datasets/calibration/dataset/train/bridge/bridge61.png,datasets/calibration/dataset/train/bridge/bridge61.png,train,bridge,bridge61.png,57723,a2d638bbd27dcfeddfc06588cbff6ab1d007db7395b7a2abe0205b09beca96a6,256,256,L,valid,,False
D:/Quantization embedded/datasets/calibration/dataset/train/bridge/bridge63.png,datasets/calibration/dataset/train/bridge/bridge63.png,train,bridge,bridge63.png,47942,0d456ef0b205b44d1ef5d1a1b9f5fb8a65242225db277b7832b4175189d3a744,256,256,L,valid,,True
D:/Quantization embedded/datasets/calibration/dataset/train/bridge/bridge64.png,datasets/calibration/dataset/train/bridge/bridge64.png,train,bridge,bridge64.png,47632,d7211e098f6c6f3292dc4e1c97603cde45e8c8272dc99a39468c125d2303ab28,256,256,L,valid,,False
D:/Quantization embedded/datasets/calibration/dataset/train/bridge/bridge65.png,datasets/calibration/dataset/train/bridge/bridge65.png,train,bridge,bridge65.png,54856,7723f05a212502d3ecc86dac34ea645be78c8b14d285ede7ab070f94356d5c6a,256,256,L,valid,,True
D:/Quantization embedded/datasets/calibration/dataset/train/bridge/bridge68.png,datasets/calibration/dataset/train/bridge/bridge68.png,train,bridge,bridge68.png,35346,5855736c270c832be112a983ba0e63b2fbd4952a341290a1253cf9d710ec3d1b,256,256,L,valid,,True
D:/Quantization embedded/datasets/calibration/dataset/train/bridge/bridge72.png,datasets/calibration/dataset/train/bridge/bridge72.png,train,bridge,bridge72.png,54116,29a16967c55ce39823ddf59edf23dbfdb6bd5b9e0245787263c95d198faac9b4,256,256,L,valid,,True
D:/Quantization embedded/datasets/calibration/dataset/train/bridge/bridge73.png,datasets/calibration/dataset/train/bridge/bridge73.png,train,bridge,bridge73.png,52900,2c4ca6004223f3d532df94b6a1c9a15a051733ae63936b749e25937b71ca7606,256,256,L,valid,,False
D:/Quantization embedded/datasets/calibration/dataset/train/bridge/bridge75.png,datasets/calibration/dataset/train/bridge/bridge75.png,train,bridge,bridge75.png,51997,0e33296e38f950cb6ad0e6936208c4007266672cf6d0ac15cdee7954490935f3,256,256,L,valid,,False
D:/Quantization embedded/datasets/calibration/dataset/train/bridge/bridge77.png,datasets/calibration/dataset/train/bridge/bridge77.png,train,bridge,bridge77.png,49284,b2c6c373d0ce9ff1d2558ab0f41f9eaed67c856a4e7eb0c97caf9e205fdd016a,256,256,L,valid,,False
D:/Quantization embedded/datasets/calibration/dataset/train/bridge/bridge78.png,datasets/calibration/dataset/train/bridge/bridge78.png,train,bridge,bridge78.png,35095,f1624659e6dfe044229abad169e0316af865fb35277a80e3e967b01833f45d8d,256,256,L,valid,,False
D:/Quantization embedded/datasets/calibration/dataset/train/bridge/bridge8.png,datasets/calibration/dataset/train/bridge/bridge8.png,train,bridge,bridge8.png,47399,1c769f99a1b171107e0224617645ba6d29696d9cb006aa5dfdf999f5ec745833,256,256,L,valid,,False
D:/Quantization embedded/datasets/calibration/dataset/train/bridge/bridge82.png,datasets/calibration/dataset/train/bridge/bridge82.png,train,bridge,bridge82.png,53228,cd64281af123d7a5ed70ddc0ebb301e0a013cb15e21eee370abd36501f0ef980,256,256,L,valid,,False
D:/Quantization embedded/datasets/calibration/dataset/train/bridge/bridge83.png,datasets/calibration/dataset/train/bridge/bridge83.png,train,bridge,bridge83.png,36614,9731fe2b2f4942f8fb1fd48ea2ec08f022255c3bba9336ace4147e64d6ea1e5c,256,256,L,valid,,False
D:/Quantization embedded/datasets/calibration/dataset/train/bridge/bridge84.png,datasets/calibration/dataset/train/bridge/bridge84.png,train,bridge,bridge84.png,53593,6dc844dc92361d04dee4594fd95a935378cd99db3c807a4f2927b7c7d21ff8b1,256,256,L,valid,,False
D:/Quantization embedded/datasets/calibration/dataset/train/bridge/bridge85.png,datasets/calibration/dataset/train/bridge/bridge85.png,train,bridge,bridge85.png,54366,dec64ded70fcd697eaf1d69f1f94b2a6ee6a1290b8540ace4712a0bc60585573,256,256,L,valid,,False
D:/Quantization embedded/datasets/calibration/dataset/train/bridge/bridge86.png,datasets/calibration/dataset/train/bridge/bridge86.png,train,bridge,bridge86.png,62014,00c2b74a16904aa2c81022d7ef07716036d2e0fa66a264b15a324c11fff198d5,256,256,L,valid,,False
D:/Quantization embedded/datasets/calibration/dataset/train/bridge/bridge87.png,datasets/calibration/dataset/train/bridge/bridge87.png,train,bridge,bridge87.png,38948,218862e289720cf1269971577d92f5c3bdff39df4cd7c58645a3d6fb4924caa4,256,256,L,valid,,True
D:/Quantization embedded/datasets/calibration/dataset/train/bridge/bridge89.png,datasets/calibration/dataset/train/bridge/bridge89.png,train,bridge,bridge89.png,52264,3d42857a8dd966ae1b2a473e1d4509f4681be4bcbe1fb78291ccb0f19247ac70,256,256,L,valid,,False
D:/Quantization embedded/datasets/calibration/dataset/train/bridge/bridge9.png,datasets/calibration/dataset/train/bridge/bridge9.png,train,bridge,bridge9.png,35128,4509e5f52faf75c8bfa53215a1795695cd12fdb52a9f89d0498bfe384cb7bb85,256,256,L,valid,,False
D:/Quantization embedded/datasets/calibration/dataset/train/bridge/bridge92.png,datasets/calibration/dataset/train/bridge/bridge92.png,train,bridge,bridge92.png,43335,f86f660776a0a38a55ead153d0e76916f8cdab944ce53b160a428886c4fd29de,256,256,L,valid,,False
D:/Quantization embedded/datasets/calibration/dataset/train/bridge/bridge93.png,datasets/calibration/dataset/train/bridge/bridge93.png,train,bridge,bridge93.png,39004,0da9c8fcecdcda9fb8dabf78b6dca9a6666f3727c40ffa8594ef4f67022e0582,256,256,L,valid,,False
D:/Quantization embedded/datasets/calibration/dataset/train/bridge/bridge94.png,datasets/calibration/dataset/train/bridge/bridge94.png,train,bridge,bridge94.png,47230,06ecebd244199c449ad0ca3f881b7159741b424b77503530ed94e326d93209d9,256,256,L,valid,,True
D:/Quantization embedded/datasets/calibration/dataset/train/bridge/bridge95.png,datasets/calibration/dataset/train/bridge/bridge95.png,train,bridge,bridge95.png,45158,cc6cee5e0993036bac8d55516edc68955e9be2583b4845ccfdfb46f42eeabf49,256,256,L,valid,,False
D:/Quantization embedded/datasets/calibration/dataset/train/bridge/bridge96.png,datasets/calibration/dataset/train/bridge/bridge96.png,train,bridge,bridge96.png,37042,548754f32da848471779934c20a94afb50058debc6ef6fee28c9ec005a99f042,256,256,L,valid,,False
D:/Quantization embedded/datasets/calibration/dataset/train/bridge/bridge97.png,datasets/calibration/dataset/train/bridge/bridge97.png,train,bridge,bridge97.png,47964,6e87c56a34462a0023a3d397cb22f3c3d0d2aa8fdb29a684fb51ed2445f32f5b,256,256,L,valid,,False
D:/Quantization embedded/datasets/calibration/dataset/train/bridge/bridge98.png,datasets/calibration/dataset/train/bridge/bridge98.png,train,bridge,bridge98.png,54845,eac6c7ef74517665a2a738638df16aaaa45bb7ed133c84deca701a64bc62d79e,256,256,L,valid,,False
D:/Quantization embedded/datasets/calibration/dataset/train/bridge/bridge99.png,datasets/calibration/dataset/train/bridge/bridge99.png,train,bridge,bridge99.png,51979,a13a58752f10ed21f96310e8d189d251608074deda21f899fbc5c4b11549eb8b,256,256,L,valid,,True
D:/Quantization embedded/datasets/calibration/dataset/train/clean/c5.PNG,datasets/calibration/dataset/train/clean/c5.PNG,train,clean,c5.PNG,175323,f2e02dfd80897890169b0dc035fc1230ce9fb00179a94cd31c52a46da392471d,556,362,RGBA,valid,,False
D:/Quantization embedded/datasets/calibration/dataset/train/clean/c6.PNG,datasets/calibration/dataset/train/clean/c6.PNG,train,clean,c6.PNG,121178,c9b47eefd55bb11eb740bd9c255342b3beb4056db0ce461e7b3128045405202d,641,313,RGBA,valid,,False
D:/Quantization embedded/datasets/calibration/dataset/train/clean/c7.PNG,datasets/calibration/dataset/train/clean/c7.PNG,train,clean,c7.PNG,86391,f02f1b74d52866af37d7ff7d035340cb84bcd41f77e96bb77e4df4cd978933ce,394,348,RGBA,valid,,False
D:/Quantization embedded/datasets/calibration/dataset/train/clean/clean12.png,datasets/calibration/dataset/train/clean/clean12.png,train,clean,clean12.png,17463,ed5d27f33398adaced9871face87700871e3481053a6de0a302c6113358f1215,256,256,L,valid,,False
D:/Quantization embedded/datasets/calibration/dataset/train/clean/clean14.png,datasets/calibration/dataset/train/clean/clean14.png,train,clean,clean14.png,14705,21740c6aa2162cce213455d004a20f86ddbac3b8754c45310348d5d89060855a,256,256,L,valid,,False
D:/Quantization embedded/datasets/calibration/dataset/train/clean/clean17.png,datasets/calibration/dataset/train/clean/clean17.png,train,clean,clean17.png,48799,bdecfaff21b5bf64cc3f160a335e7e2820c8dda1bed12e61f769a97ae9b87f9d,256,256,L,valid,,False
D:/Quantization embedded/datasets/calibration/dataset/train/clean/clean19.png,datasets/calibration/dataset/train/clean/clean19.png,train,clean,clean19.png,18016,48d09c85746fb892de22d36acdd138b82284fc5c60bff5fe624948c932f55868,256,256,L,valid,,True
D:/Quantization embedded/datasets/calibration/dataset/train/clean/clean20.png,datasets/calibration/dataset/train/clean/clean20.png,train,clean,clean20.png,58966,ff8e27c9c934e9453394793d1b22f84ddac44f2a6dae11d1fbbbab6268552f03,256,256,L,valid,,True
D:/Quantization embedded/datasets/calibration/dataset/train/clean/clean21.png,datasets/calibration/dataset/train/clean/clean21.png,train,clean,clean21.png,33848,45811c4fda992733bd06f363baa26c810d8af93e3a5b52ec5d20a756a3f11bf3,256,256,L,valid,,False
D:/Quantization embedded/datasets/calibration/dataset/train/clean/clean22.png,datasets/calibration/dataset/train/clean/clean22.png,train,clean,clean22.png,40127,5bd33da48713da8d2a0bd7083188da51d84a21d6d44cc5ce3909d21b91e2b6f0,256,256,L,valid,,False
D:/Quantization embedded/datasets/calibration/dataset/train/clean/clean23.png,datasets/calibration/dataset/train/clean/clean23.png,train,clean,clean23.png,42180,f2fe1b3ec8a84705196387e886f2b703e4d8dd2494c2a279203ee4b319d53de3,256,256,L,valid,,True
D:/Quantization embedded/datasets/calibration/dataset/train/clean/clean24.png,datasets/calibration/dataset/train/clean/clean24.png,train,clean,clean24.png,33601,d5af3e3d87b1765c3a6c409a28fc0b742a7393902cb3800d85855c257314091c,256,256,L,valid,,True
D:/Quantization embedded/datasets/calibration/dataset/train/clean/clean26.png,datasets/calibration/dataset/train/clean/clean26.png,train,clean,clean26.png,41018,757cae2b31c59fbbefbfa659a51cddaa2b7a2b25092ac1d30a028cd0881a22f0,256,256,L,valid,,False
D:/Quantization embedded/datasets/calibration/dataset/train/clean/clean27.png,datasets/calibration/dataset/train/clean/clean27.png,train,clean,clean27.png,38960,813b0d6ecf688ff66dee9d76d0c7c46a6497a758bb1ee759c85096772c7c13a1,256,256,L,valid,,False
D:/Quantization embedded/datasets/calibration/dataset/train/clean/clean28.png,datasets/calibration/dataset/train/clean/clean28.png,train,clean,clean28.png,43072,645d1787c89c7a8807a94af75930403ad4f78af820aa4619a332c556ab0d24ac,256,256,L,valid,,False
D:/Quantization embedded/datasets/calibration/dataset/train/clean/clean29.png,datasets/calibration/dataset/train/clean/clean29.png,train,clean,clean29.png,37801,3650e9fac9d4e3de16658a1d047966432a45354d714df9f8c95e513f90b202ed,256,256,L,valid,,False
D:/Quantization embedded/datasets/calibration/dataset/train/clean/clean3.PNG,datasets/calibration/dataset/train/clean/clean3.PNG,train,clean,clean3.PNG,55286,a4664a768a091329688dbf4b6cd66843c2dc57ce24b753fcd38cab6a798e1cf5,256,256,L,valid,,False
D:/Quantization embedded/datasets/calibration/dataset/train/clean/clean31.png,datasets/calibration/dataset/train/clean/clean31.png,train,clean,clean31.png,41691,6d805b57fb1acc7d973e0935383fb7aec603e1197e3736fc5ebc64055bbc3ffd,256,256,L,valid,,True
D:/Quantization embedded/datasets/calibration/dataset/train/clean/clean32.png,datasets/calibration/dataset/train/clean/clean32.png,train,clean,clean32.png,46124,873f06565bc1b8f533a5aa1d339c59aae8b3cc895f0591d2570fb6bb081af4d7,256,256,L,valid,,True
D:/Quantization embedded/datasets/calibration/dataset/train/clean/clean33.png,datasets/calibration/dataset/train/clean/clean33.png,train,clean,clean33.png,38249,6b00d6f1ade26a6010af3650c5fb5afd3616173ed5d7905d7eb5aafb460ee9a3,256,256,L,valid,,False
D:/Quantization embedded/datasets/calibration/dataset/train/clean/clean34.png,datasets/calibration/dataset/train/clean/clean34.png,train,clean,clean34.png,42601,dc6d2ce635ec941185de342129d3d8b14d2b31419f0b19fac42a65afad4a1b3a,256,256,L,valid,,False
D:/Quantization embedded/datasets/calibration/dataset/train/clean/clean35.png,datasets/calibration/dataset/train/clean/clean35.png,train,clean,clean35.png,41182,85ada5a6ed6f52fd1201f8d80d5868ed478ffe8cf787409a0e39ebe06bba7268,256,256,L,valid,,False
D:/Quantization embedded/datasets/calibration/dataset/train/clean/clean36.png,datasets/calibration/dataset/train/clean/clean36.png,train,clean,clean36.png,49593,dd15aadcc14a42c708acb7ce5fc260444aba198a5e2d61611008d448b033390b,256,256,L,valid,,False
D:/Quantization embedded/datasets/calibration/dataset/train/clean/clean39.png,datasets/calibration/dataset/train/clean/clean39.png,train,clean,clean39.png,46678,085fc6012518c8c842a2abb089669c8b9323c399f210f643e7cafeb2c45412a5,256,256,L,valid,,False
D:/Quantization embedded/datasets/calibration/dataset/train/clean/clean4.PNG,datasets/calibration/dataset/train/clean/clean4.PNG,train,clean,clean4.PNG,36655,af0081c584b4f97e1bf9aa1681fb7dbf3c2ff521b37bbfcb512f5ebe35d237e5,256,256,L,valid,,False
D:/Quantization embedded/datasets/calibration/dataset/train/clean/clean40.png,datasets/calibration/dataset/train/clean/clean40.png,train,clean,clean40.png,49297,38aa2b3651e9c09c0ac48f6ae4f59e6528c71b5598b00be381793d9d0fa7af93,256,256,L,valid,,False
D:/Quantization embedded/datasets/calibration/dataset/train/clean/clean41.png,datasets/calibration/dataset/train/clean/clean41.png,train,clean,clean41.png,52115,aa908aaa3ad5f634c38b17389053d26ee8a1641d511fc7c8a41e78b0b7af68ff,256,256,L,valid,,True
D:/Quantization embedded/datasets/calibration/dataset/train/clean/clean42.png,datasets/calibration/dataset/train/clean/clean42.png,train,clean,clean42.png,49492,26e118c3346e49406022792605c3bca8fd68baa9f4ade26b3b2deff47bfb3437,256,256,L,valid,,False
D:/Quantization embedded/datasets/calibration/dataset/train/clean/clean43.png,datasets/calibration/dataset/train/clean/clean43.png,train,clean,clean43.png,50419,3639e45e20813d8ec4b660333104c8f282698c99db3052009cd6c4a1c4c2d617,256,256,L,valid,,True
D:/Quantization embedded/datasets/calibration/dataset/train/clean/clean47.png,datasets/calibration/dataset/train/clean/clean47.png,train,clean,clean47.png,49470,6afa38fa173cf3a569850fcfa40c3a4f16bed164b8a1f4fb67c89e5cbcdda3c4,256,256,L,valid,,False
D:/Quantization embedded/datasets/calibration/dataset/train/clean/clean48.png,datasets/calibration/dataset/train/clean/clean48.png,train,clean,clean48.png,50858,cf11498c706e255b00f05513d5121ed65a8fa30aba9bfdceb4043105cfb6ee3b,256,256,L,valid,,True
D:/Quantization embedded/datasets/calibration/dataset/train/clean/clean49.png,datasets/calibration/dataset/train/clean/clean49.png,train,clean,clean49.png,49678,1ae3c5fe4acb64fba2b0cbbe99fa35c813206316324ef212f1a962d7648007c2,256,256,L,valid,,False
D:/Quantization embedded/datasets/calibration/dataset/train/clean/clean51.png,datasets/calibration/dataset/train/clean/clean51.png,train,clean,clean51.png,42461,a13edf9c8a8aa483f9ea9f2d27b0aa47b8204e40e9a79f948756bd5578ac8d7b,256,256,L,valid,,False
D:/Quantization embedded/datasets/calibration/dataset/train/clean/clean52.png,datasets/calibration/dataset/train/clean/clean52.png,train,clean,clean52.png,42898,8ab042aadcbd25de15d792b96ad4c6217ea1b9550f3019b961f699e7a809e56f,256,256,L,valid,,False
D:/Quantization embedded/datasets/calibration/dataset/train/clean/clean54.png,datasets/calibration/dataset/train/clean/clean54.png,train,clean,clean54.png,44220,b9f0d5164477192644a23ffe35e1b350d48fde8df555ced492169d65fbd89d87,256,256,L,valid,,False
D:/Quantization embedded/datasets/calibration/dataset/train/clean/clean55.png,datasets/calibration/dataset/train/clean/clean55.png,train,clean,clean55.png,42694,6f1c84a09a93b198953872cc2d5c4c13abed0f0ebaf7f6d37b64ca2ff358fee3,256,256,L,valid,,False
D:/Quantization embedded/datasets/calibration/dataset/train/clean/clean56.png,datasets/calibration/dataset/train/clean/clean56.png,train,clean,clean56.png,42266,b71712800de213c5cc4ea555eda09febb90bdd6f41824a72517609c308dc1f2b,256,256,L,valid,,False
D:/Quantization embedded/datasets/calibration/dataset/train/clean/clean57.png,datasets/calibration/dataset/train/clean/clean57.png,train,clean,clean57.png,40811,cf1fd9fba2ecbb73a02d05788caef7e0451e25f9a5a7d5a7b5b6ee89baeb1da2,256,256,L,valid,,False
D:/Quantization embedded/datasets/calibration/dataset/train/clean/clean58.png,datasets/calibration/dataset/train/clean/clean58.png,train,clean,clean58.png,41409,282547e6eec39dbf7a9f670a967ec4863d2434ab257e99a34f45bc8dbe0a30b1,256,256,L,valid,,True
D:/Quantization embedded/datasets/calibration/dataset/train/clean/clean59.png,datasets/calibration/dataset/train/clean/clean59.png,train,clean,clean59.png,44158,ac2508a7007ff793cd653c82c53d84942fc7a8db23722bb68b4b46a08199262d,256,256,L,valid,,False
D:/Quantization embedded/datasets/calibration/dataset/train/clean/clean6.PNG,datasets/calibration/dataset/train/clean/clean6.PNG,train,clean,clean6.PNG,55822,805e5586ba2043621262946ab6e9e4783542dfe6901c1e37407e49797b5cbcaa,256,256,L,valid,,False
D:/Quantization embedded/datasets/calibration/dataset/train/clean/clean61.png,datasets/calibration/dataset/train/clean/clean61.png,train,clean,clean61.png,44452,9489671d8b4bcbb29ab9eeb08d2f58fb5bf10b5e97160c9f2e852e5f29c75670,256,256,L,valid,,False
D:/Quantization embedded/datasets/calibration/dataset/train/clean/clean63.png,datasets/calibration/dataset/train/clean/clean63.png,train,clean,clean63.png,44025,1c5493a9229feefc2c60f7aaeba8748b6bc7ddee2c008c5d7f2ab5cf21867c70,256,256,L,valid,,False
D:/Quantization embedded/datasets/calibration/dataset/train/clean/clean64.png,datasets/calibration/dataset/train/clean/clean64.png,train,clean,clean64.png,46879,51d187d1855e52d077d893af42ab1b9237ccdf3d67e56654ff0ff1d2e4b3eb16,256,256,L,valid,,False
D:/Quantization embedded/datasets/calibration/dataset/train/clean/clean65.png,datasets/calibration/dataset/train/clean/clean65.png,train,clean,clean65.png,44866,e5d28690e1c582dec142fbcebb38130e2d1e0941ae5cce7ccd59fb938b18299f,256,256,L,valid,,False
D:/Quantization embedded/datasets/calibration/dataset/train/clean/clean66.png,datasets/calibration/dataset/train/clean/clean66.png,train,clean,clean66.png,45692,788dc54a3a07bf89ab3fdc9b60838969011672d02667b6d6eca08b3f6691f56e,256,256,L,valid,,False
D:/Quantization embedded/datasets/calibration/dataset/train/clean/clean67.png,datasets/calibration/dataset/train/clean/clean67.png,train,clean,clean67.png,46051,3548b9bedc5d97cb585cd13d4d5ae7c7e120a300756fc2dcbfb4dd9e8f41175e,256,256,L,valid,,False
D:/Quantization embedded/datasets/calibration/dataset/train/clean/clean68.png,datasets/calibration/dataset/train/clean/clean68.png,train,clean,clean68.png,42661,ae482e563b9c716cc28290ce84eb342a245acd311d16fbd7cd09a02005841b50,256,256,L,valid,,True
D:/Quantization embedded/datasets/calibration/dataset/train/clean/clean69.png,datasets/calibration/dataset/train/clean/clean69.png,train,clean,clean69.png,41979,1c715fc960c6ed5695157b67fb469de0cc5dfc6dde6b142baa128373aea4fb0e,256,256,L,valid,,True
D:/Quantization embedded/datasets/calibration/dataset/train/clean/clean7.png,datasets/calibration/dataset/train/clean/clean7.png,train,clean,clean7.png,17453,e3397072732a39c8f3c5e4ba96e72f031e253f12fc5432a00dc2d72c97f707d9,256,256,L,valid,,False
D:/Quantization embedded/datasets/calibration/dataset/train/clean/clean70.png,datasets/calibration/dataset/train/clean/clean70.png,train,clean,clean70.png,42868,46e4ec553621604f891b2552a9bd6147f38da4c5e1b48025ed3d2d4e7a2b58c9,256,256,L,valid,,False
D:/Quantization embedded/datasets/calibration/dataset/train/cmp/cmp1.JPG,datasets/calibration/dataset/train/cmp/cmp1.JPG,train,cmp,cmp1.JPG,10834,42ae8a1c7369d7ff0b71f3cdd151bd4f24c8c39d1f6ea1a10c9c9187f14ae93c,214,195,RGB,valid,,False
D:/Quantization embedded/datasets/calibration/dataset/train/cmp/cmp10.PNG,datasets/calibration/dataset/train/cmp/cmp10.PNG,train,cmp,cmp10.PNG,41520,9bc3da76946dd6f7d7d8a9b92853ff7857a1d531d845a58db4450e983d671864,200,173,RGBA,valid,,False
D:/Quantization embedded/datasets/calibration/dataset/train/cmp/cmp101.png,datasets/calibration/dataset/train/cmp/cmp101.png,train,cmp,cmp101.png,42937,f3a9252eacbd674d6aff9d5ca8fe11bfdd55a28bc75d1ac005431e62855e3d7c,256,256,L,valid,,False
D:/Quantization embedded/datasets/calibration/dataset/train/cmp/cmp102.png,datasets/calibration/dataset/train/cmp/cmp102.png,train,cmp,cmp102.png,50795,683ccf255a32b6ae914ce8eeef3a65213c28cedd28151f8f314e0e670c3ef009,256,256,L,valid,,False
D:/Quantization embedded/datasets/calibration/dataset/train/cmp/cmp103.png,datasets/calibration/dataset/train/cmp/cmp103.png,train,cmp,cmp103.png,43967,e2be42d810c06e9f91c2ee0898537707d17aa74b40deae6e8b09c4d7f89b4ff0,256,256,L,valid,,False
D:/Quantization embedded/datasets/calibration/dataset/train/cmp/cmp106.png,datasets/calibration/dataset/train/cmp/cmp106.png,train,cmp,cmp106.png,35727,01f9b2a7ded9347ecff565f56f80c0efbd28a6f7e4f60f53331b5a7b747c9538,256,256,L,valid,,True
D:/Quantization embedded/datasets/calibration/dataset/train/cmp/cmp107.png,datasets/calibration/dataset/train/cmp/cmp107.png,train,cmp,cmp107.png,47142,663cb4c16d6bda489231e10a7ad78b0651968d7fc1701704ec176c1f878d6709,256,256,L,valid,,False
D:/Quantization embedded/datasets/calibration/dataset/train/cmp/cmp109.png,datasets/calibration/dataset/train/cmp/cmp109.png,train,cmp,cmp109.png,36768,2e676b40df0a559d9b71077f130bffd51f6fdfa93bd4795750128911d5e5127a,256,256,L,valid,,False
D:/Quantization embedded/datasets/calibration/dataset/train/cmp/cmp11.PNG,datasets/calibration/dataset/train/cmp/cmp11.PNG,train,cmp,cmp11.PNG,43309,adea9609040d8b296bebdd22e1eeba9b635e6fae7008072c2a491e7d5ca26bd4,196,177,RGBA,valid,,False
D:/Quantization embedded/datasets/calibration/dataset/train/cmp/cmp111.png,datasets/calibration/dataset/train/cmp/cmp111.png,train,cmp,cmp111.png,49928,a02c69c376d72be1281ca2eeeed34c9977700e97356543895c7730b5536520fd,256,256,L,valid,,True
D:/Quantization embedded/datasets/calibration/dataset/train/cmp/cmp114.png,datasets/calibration/dataset/train/cmp/cmp114.png,train,cmp,cmp114.png,37778,6ddb2e067e899991265cd87541f5082d71827ce78f9428b29bb24e843a801cb3,256,256,L,valid,,False
D:/Quantization embedded/datasets/calibration/dataset/train/cmp/cmp117.png,datasets/calibration/dataset/train/cmp/cmp117.png,train,cmp,cmp117.png,38604,6bfd680c766686cf1575ed03ae3c2d34c0856e04e5897e143a56238f36ecfac1,256,256,L,valid,,True
D:/Quantization embedded/datasets/calibration/dataset/train/cmp/cmp118.png,datasets/calibration/dataset/train/cmp/cmp118.png,train,cmp,cmp118.png,53716,911573c3d88fd9825d53d8aa2642ad43b13fa6e8a9d9b2cc8c4d0009897276f7,256,256,L,valid,,True
D:/Quantization embedded/datasets/calibration/dataset/train/cmp/cmp119.png,datasets/calibration/dataset/train/cmp/cmp119.png,train,cmp,cmp119.png,47937,53ad08b427d808fcfcf4a866bd70df9db6349c4cd1da9ba884f6d9b808fcfc86,256,256,L,valid,,False
D:/Quantization embedded/datasets/calibration/dataset/train/cmp/cmp12.PNG,datasets/calibration/dataset/train/cmp/cmp12.PNG,train,cmp,cmp12.PNG,43065,765e2c8f96aac403e2924c40a49b23384360522c6d549705de78eea3ef142a35,199,164,RGBA,valid,,False
D:/Quantization embedded/datasets/calibration/dataset/train/cmp/cmp120.png,datasets/calibration/dataset/train/cmp/cmp120.png,train,cmp,cmp120.png,39868,5a8ba118e9866f7ac248b43c8d8724a758bdeb9aeb0b77eeff71068b5a95665d,256,256,L,valid,,False
D:/Quantization embedded/datasets/calibration/dataset/train/cmp/cmp121.png,datasets/calibration/dataset/train/cmp/cmp121.png,train,cmp,cmp121.png,46454,300bea5acdeea681fe97b0132872f7bb50d6d47933eca3ce623be4f8bc545957,256,256,L,valid,,False
D:/Quantization embedded/datasets/calibration/dataset/train/cmp/cmp122.png,datasets/calibration/dataset/train/cmp/cmp122.png,train,cmp,cmp122.png,41645,cd0f0fa6ba82dea41c245c8d79c468a1d1781b90b03491f7943393f26185dcbe,256,256,L,valid,,False
D:/Quantization embedded/datasets/calibration/dataset/train/cmp/cmp123.png,datasets/calibration/dataset/train/cmp/cmp123.png,train,cmp,cmp123.png,38550,24bc278f7ee008402c7a6b512de51f367c1f9856480c6c9b4f16a8e91cb0dd71,256,256,L,valid,,True
D:/Quantization embedded/datasets/calibration/dataset/train/cmp/cmp125.png,datasets/calibration/dataset/train/cmp/cmp125.png,train,cmp,cmp125.png,47926,cedbce14e5a244875ace98d9797e79407cc478cab41a455ca8ef8677aa81cce2,256,256,L,valid,,False
D:/Quantization embedded/datasets/calibration/dataset/train/cmp/cmp126.png,datasets/calibration/dataset/train/cmp/cmp126.png,train,cmp,cmp126.png,46462,4a980200884b42e264ea61493cca90d8bab67b385ddc1b2f31b1a29bb9397201,256,256,L,valid,,False
D:/Quantization embedded/datasets/calibration/dataset/train/cmp/cmp127.png,datasets/calibration/dataset/train/cmp/cmp127.png,train,cmp,cmp127.png,51738,e863badd4c2e11013a20a9347b9d875905eba6a5a70b94377e987ebbadd413fc,256,256,L,valid,,False
D:/Quantization embedded/datasets/calibration/dataset/train/cmp/cmp128.png,datasets/calibration/dataset/train/cmp/cmp128.png,train,cmp,cmp128.png,37248,9389383a1f57518c3d5012e1ecd24018d3f1f6650dc5dac35877544149cc860e,256,256,L,valid,,False
D:/Quantization embedded/datasets/calibration/dataset/train/cmp/cmp129.png,datasets/calibration/dataset/train/cmp/cmp129.png,train,cmp,cmp129.png,32539,5938b509dbcfafa96bca5861140a9cbb01d82e41de796bdf27d2854b52852d22,256,256,L,valid,,True
D:/Quantization embedded/datasets/calibration/dataset/train/cmp/cmp13.PNG,datasets/calibration/dataset/train/cmp/cmp13.PNG,train,cmp,cmp13.PNG,45196,01bf1eae66de29381800301d4512ccf2dcc32259eba19db5a5565710180aa841,194,170,RGBA,valid,,True
D:/Quantization embedded/datasets/calibration/dataset/train/cmp/cmp131.png,datasets/calibration/dataset/train/cmp/cmp131.png,train,cmp,cmp131.png,48593,89a181c614236dfa30b13644df91f0d75c0521f250b6b92e4623e42d1b58bed8,256,256,L,valid,,False
D:/Quantization embedded/datasets/calibration/dataset/train/cmp/cmp132.png,datasets/calibration/dataset/train/cmp/cmp132.png,train,cmp,cmp132.png,49671,2b9fb13b6d8c01f1d27d01a9cc3ccc502ba13007ea082b2979b7b8728f72b088,256,256,L,valid,,True
D:/Quantization embedded/datasets/calibration/dataset/train/cmp/cmp133.png,datasets/calibration/dataset/train/cmp/cmp133.png,train,cmp,cmp133.png,43795,62bc8da4af6492e56fc10d5150c522252fddc3a7d77f30944f5464fde8b34d31,256,256,L,valid,,False
D:/Quantization embedded/datasets/calibration/dataset/train/cmp/cmp135.png,datasets/calibration/dataset/train/cmp/cmp135.png,train,cmp,cmp135.png,38682,655f9f3c5128d42c8d740a2fd90c4afabca33549e40e80260bf1f60579ae3436,256,256,L,valid,,False
D:/Quantization embedded/datasets/calibration/dataset/train/cmp/cmp136.png,datasets/calibration/dataset/train/cmp/cmp136.png,train,cmp,cmp136.png,47929,6d603b9556a2ddc72aa6eab012ab75d88bb3717152f176fcf71d8d35f369149c,256,256,L,valid,,True
D:/Quantization embedded/datasets/calibration/dataset/train/cmp/cmp137.png,datasets/calibration/dataset/train/cmp/cmp137.png,train,cmp,cmp137.png,35552,0029f56f8aa57ef1c985e9ee80115965e45bf03c4f70e8c7cc7de92005769718,256,256,L,valid,,False
D:/Quantization embedded/datasets/calibration/dataset/train/cmp/cmp138.png,datasets/calibration/dataset/train/cmp/cmp138.png,train,cmp,cmp138.png,37641,2d9e39efc512b10e4ac926025a8572c9af2a7274e094609f33b29a9a98184370,256,256,L,valid,,False
D:/Quantization embedded/datasets/calibration/dataset/train/cmp/cmp139.png,datasets/calibration/dataset/train/cmp/cmp139.png,train,cmp,cmp139.png,44748,7606c358f8d476802d22de49855c94becd56c4f9670563d07f5f641dc1f0e976,256,256,L,valid,,False
D:/Quantization embedded/datasets/calibration/dataset/train/cmp/cmp140.png,datasets/calibration/dataset/train/cmp/cmp140.png,train,cmp,cmp140.png,36366,561ed3efda532265ff96ea03c4ebd14b017b6971e1afb62f50cab219b006575a,256,256,L,valid,,False
D:/Quantization embedded/datasets/calibration/dataset/train/cmp/cmp143.png,datasets/calibration/dataset/train/cmp/cmp143.png,train,cmp,cmp143.png,44093,25e3e28b2e34d2bd9a4f28c30080baba3da8ba7dd1aef9f44d290226a22e8b86,256,256,L,valid,,False
D:/Quantization embedded/datasets/calibration/dataset/train/cmp/cmp144.png,datasets/calibration/dataset/train/cmp/cmp144.png,train,cmp,cmp144.png,37345,cbfa4a29370ae3e96e8ec00eff97ddfd45f3142d5aa862395f5d119c83942db6,256,256,L,valid,,False
D:/Quantization embedded/datasets/calibration/dataset/train/cmp/cmp145.png,datasets/calibration/dataset/train/cmp/cmp145.png,train,cmp,cmp145.png,38042,0f74a850f82f323fd9c52f3e64b1bf4e2786ae7a4233a19ce8792928c43d783d,256,256,L,valid,,True
D:/Quantization embedded/datasets/calibration/dataset/train/cmp/cmp146.png,datasets/calibration/dataset/train/cmp/cmp146.png,train,cmp,cmp146.png,43958,b178de3e9bdc736ff6f6e5ce4d86718ee749e37fb6fb9ccbd4d471492f9fe6d5,256,256,L,valid,,False
D:/Quantization embedded/datasets/calibration/dataset/train/cmp/cmp149.png,datasets/calibration/dataset/train/cmp/cmp149.png,train,cmp,cmp149.png,40027,9301a3a555f6eea6e8ee09dfc0b91c07cf4005af27e54ee5c114f62d0bff7ede,256,256,L,valid,,False
D:/Quantization embedded/datasets/calibration/dataset/train/cmp/cmp152.png,datasets/calibration/dataset/train/cmp/cmp152.png,train,cmp,cmp152.png,34003,2d32584505123decb3a3cb20a78f2786c96c2fb6194c3dd777d6909feaae37fb,256,256,L,valid,,False
D:/Quantization embedded/datasets/calibration/dataset/train/cmp/cmp154.png,datasets/calibration/dataset/train/cmp/cmp154.png,train,cmp,cmp154.png,43349,6db939a432318ca954b200b2667aa77ef728439f1a798f8aea688c070a414cac,256,256,L,valid,,False
D:/Quantization embedded/datasets/calibration/dataset/train/cmp/cmp157.png,datasets/calibration/dataset/train/cmp/cmp157.png,train,cmp,cmp157.png,46435,3c0f052ae5412f3a001b4a274d53b799732f1580a1c45ce3b38980858738c377,256,256,L,valid,,False
D:/Quantization embedded/datasets/calibration/dataset/train/cmp/cmp158.png,datasets/calibration/dataset/train/cmp/cmp158.png,train,cmp,cmp158.png,37538,031202bbe5eba150720b05a0b4e32042e131f230d6e1ffdd4292d9416e0eb6ae,256,256,L,valid,,False
D:/Quantization embedded/datasets/calibration/dataset/train/cmp/cmp159.png,datasets/calibration/dataset/train/cmp/cmp159.png,train,cmp,cmp159.png,41520,75da8987e7dc0b384b655f64a027cc69a592b8b4fa7cdaf28aac6ec8afcb3e6a,256,256,L,valid,,True
D:/Quantization embedded/datasets/calibration/dataset/train/cmp/cmp16.png,datasets/calibration/dataset/train/cmp/cmp16.png,train,cmp,cmp16.png,37085,99a01d939fc81ea7efe18cda03a5ea8ce8f320c63c2e9a2b2e7fb27b42030520,256,256,L,valid,,True
D:/Quantization embedded/datasets/calibration/dataset/train/cmp/cmp160.png,datasets/calibration/dataset/train/cmp/cmp160.png,train,cmp,cmp160.png,32026,d75c02aa59dce22bd63c1e057d0d3c7a3e62e8397da75435b63f1e7dacaa7133,256,256,L,valid,,False
D:/Quantization embedded/datasets/calibration/dataset/train/cmp/cmp161.png,datasets/calibration/dataset/train/cmp/cmp161.png,train,cmp,cmp161.png,46383,8762265032c990f9fb892bbab0f1b62e3d20adefa38cf82fc4d76f57e4eda92d,256,256,L,valid,,False
D:/Quantization embedded/datasets/calibration/dataset/train/cmp/cmp163.png,datasets/calibration/dataset/train/cmp/cmp163.png,train,cmp,cmp163.png,51426,2b032dbb45343a62c7bdcb08aef7c947d66e3458aa4cf9e7c5aeae8131ac47d6,256,256,L,valid,,False
D:/Quantization embedded/datasets/calibration/dataset/train/cmp/cmp18.png,datasets/calibration/dataset/train/cmp/cmp18.png,train,cmp,cmp18.png,38583,27feed7f5eb06080525acb617a197c2b05887de64ae2569af28ab3505eeaf0f5,256,256,L,valid,,True
D:/Quantization embedded/datasets/calibration/dataset/train/cmp/cmp19.png,datasets/calibration/dataset/train/cmp/cmp19.png,train,cmp,cmp19.png,43355,47df90491dc105957c326ab3552246e43ae29708148bea4f9d19533272fa27c6,256,256,L,valid,,False
D:/Quantization embedded/datasets/calibration/dataset/train/cmp/cmp20.png,datasets/calibration/dataset/train/cmp/cmp20.png,train,cmp,cmp20.png,43160,99e9a0e60bee5a4785d098bed939adbf9a1091ee3b6fd884720e2697162769e4,256,256,L,valid,,False
D:/Quantization embedded/datasets/calibration/dataset/train/cmp/cmp21.png,datasets/calibration/dataset/train/cmp/cmp21.png,train,cmp,cmp21.png,54635,41ac6cbf86d312abb84e34f7c747fac559f1a0dec3baace9dc0aec402ed82a9e,256,256,L,valid,,False
D:/Quantization embedded/datasets/calibration/dataset/train/cmp/cmp22.png,datasets/calibration/dataset/train/cmp/cmp22.png,train,cmp,cmp22.png,47194,3a16b1cbbf79116ce3738d543da2ef5ae68c78d7b9fc9be615059268d88e1bbb,256,256,L,valid,,False
D:/Quantization embedded/datasets/calibration/dataset/train/cmp/cmp23.png,datasets/calibration/dataset/train/cmp/cmp23.png,train,cmp,cmp23.png,41001,885c0747ab5fc78dacd233a7487e0e7e5eacba588caedd605ca6b92256a59cb3,256,256,L,valid,,False
D:/Quantization embedded/datasets/calibration/dataset/train/cmp/cmp26.png,datasets/calibration/dataset/train/cmp/cmp26.png,train,cmp,cmp26.png,31928,4e3903957095e22b1101fd43a837547cdcdcfc58c7cd6bd371d8d3f04bcbb0e3,256,256,L,valid,,False
D:/Quantization embedded/datasets/calibration/dataset/train/cmp/cmp27.png,datasets/calibration/dataset/train/cmp/cmp27.png,train,cmp,cmp27.png,37790,712426231d6d6d00ede2d45d0d76072ceca59fcd29197b8b8cb3ccfe6e4ec0b5,256,256,L,valid,,False
D:/Quantization embedded/datasets/calibration/dataset/train/cmp/cmp28.png,datasets/calibration/dataset/train/cmp/cmp28.png,train,cmp,cmp28.png,42414,7b5acaf746105955f5042ed0657d7102e1fa3b2723753f3bea3a2bfbea9f30fa,256,256,L,valid,,False
D:/Quantization embedded/datasets/calibration/dataset/train/cmp/cmp29.png,datasets/calibration/dataset/train/cmp/cmp29.png,train,cmp,cmp29.png,48176,837cfd928a3e813e1b054d416a8133a37144e9dd8a563bc417867e51079c6086,256,256,L,valid,,False
D:/Quantization embedded/datasets/calibration/dataset/train/cmp/cmp3.JPG,datasets/calibration/dataset/train/cmp/cmp3.JPG,train,cmp,cmp3.JPG,27521,be4459de695b8491c3430defdf6e20ea89a2500a2b72fe82ad93e7616b5f0040,363,363,RGB,valid,,False
D:/Quantization embedded/datasets/calibration/dataset/train/cmp/cmp30.png,datasets/calibration/dataset/train/cmp/cmp30.png,train,cmp,cmp30.png,47285,f9a92a0765fef64fdbf9b4b85c3c8ae78f11f6c81924cfe94bcbc265eb9cc7f5,256,256,L,valid,,True
D:/Quantization embedded/datasets/calibration/dataset/train/cmp/cmp31.png,datasets/calibration/dataset/train/cmp/cmp31.png,train,cmp,cmp31.png,47945,a00ec299a2d93357266942523ee23821cdc93ff7c00c3a257de03b150dfbb73c,256,256,L,valid,,False
D:/Quantization embedded/datasets/calibration/dataset/train/cmp/cmp32.png,datasets/calibration/dataset/train/cmp/cmp32.png,train,cmp,cmp32.png,36648,2ed6395d9a1ad25a6a69c6877b56fc11b19b41d63e93ddcc92fb9ebbb47e704f,256,256,L,valid,,True
D:/Quantization embedded/datasets/calibration/dataset/train/cmp/cmp35.png,datasets/calibration/dataset/train/cmp/cmp35.png,train,cmp,cmp35.png,51713,fbe78510a273512e4857111590734837c02ba647870d9485498b71d5b0eb1c56,256,256,L,valid,,False
D:/Quantization embedded/datasets/calibration/dataset/train/cmp/cmp36.png,datasets/calibration/dataset/train/cmp/cmp36.png,train,cmp,cmp36.png,42937,f3a9252eacbd674d6aff9d5ca8fe11bfdd55a28bc75d1ac005431e62855e3d7c,256,256,L,valid,,False
D:/Quantization embedded/datasets/calibration/dataset/train/cmp/cmp37.png,datasets/calibration/dataset/train/cmp/cmp37.png,train,cmp,cmp37.png,47215,54d03edb075cf28ffc5a0f71c9b3994ce3a2472ae7e2977c749c760f4789bef9,256,256,L,valid,,False
D:/Quantization embedded/datasets/calibration/dataset/train/cmp/cmp38.png,datasets/calibration/dataset/train/cmp/cmp38.png,train,cmp,cmp38.png,35507,cf50426c6472a593c04a752cb5eb052b39d56c01c7954754fee34040d9454d67,256,256,L,valid,,False
D:/Quantization embedded/datasets/calibration/dataset/train/cmp/cmp39.png,datasets/calibration/dataset/train/cmp/cmp39.png,train,cmp,cmp39.png,32234,0b16b478cce0191588cc5c53e18a5d8287d87be949c3f8a589c8702604daa882,256,256,L,valid,,True
D:/Quantization embedded/datasets/calibration/dataset/train/cmp/cmp41.png,datasets/calibration/dataset/train/cmp/cmp41.png,train,cmp,cmp41.png,39956,819c9a8c373ad477078c2f90e3fe2360a0df2c3c8cfb92e6f6ec0c5008964736,256,256,L,valid,,False
D:/Quantization embedded/datasets/calibration/dataset/train/cmp/cmp42.png,datasets/calibration/dataset/train/cmp/cmp42.png,train,cmp,cmp42.png,42631,c35e384ca398422c7ba4dba39516d576aae1a04e39151d72886b741e7a8256d5,256,256,L,valid,,False
D:/Quantization embedded/datasets/calibration/dataset/train/cmp/cmp44.png,datasets/calibration/dataset/train/cmp/cmp44.png,train,cmp,cmp44.png,45856,b8a7dd866e6e1ad8363572495d372747a836ccda4d28d1f5e8da68eea985f30c,256,256,L,valid,,False
D:/Quantization embedded/datasets/calibration/dataset/train/cmp/cmp47.png,datasets/calibration/dataset/train/cmp/cmp47.png,train,cmp,cmp47.png,38276,a7283718b9d03bf3c6e2d31ddde3bbb260891e23f2434d4e11fd78d7e8e3bace,256,256,L,valid,,False
D:/Quantization embedded/datasets/calibration/dataset/train/cmp/cmp48.png,datasets/calibration/dataset/train/cmp/cmp48.png,train,cmp,cmp48.png,51763,05445948124ec5c1ef1d0458d5d0b1f89ee5dbc63b4b87fad2f638ae8d8cc7bb,256,256,L,valid,,False
D:/Quantization embedded/datasets/calibration/dataset/train/cmp/cmp49.png,datasets/calibration/dataset/train/cmp/cmp49.png,train,cmp,cmp49.png,37441,21fbc10ffa71d8d1dc4761fb4c0275a190c9e66dbdd573435a5aa2e101992a25,256,256,L,valid,,False
D:/Quantization embedded/datasets/calibration/dataset/train/cmp/cmp51.png,datasets/calibration/dataset/train/cmp/cmp51.png,train,cmp,cmp51.png,37956,818a4bb97f19c9764a1e3bdc0a5c32dca6fcb4125a29fe8e0c230f37b589268c,256,256,L,valid,,False
D:/Quantization embedded/datasets/calibration/dataset/train/cmp/cmp52.png,datasets/calibration/dataset/train/cmp/cmp52.png,train,cmp,cmp52.png,39873,77eb6344d5e8805c59470ee67cb65506fa47a29e5ac0de7f2f5523c8187ad588,256,256,L,valid,,True
D:/Quantization embedded/datasets/calibration/dataset/train/cmp/cmp53.png,datasets/calibration/dataset/train/cmp/cmp53.png,train,cmp,cmp53.png,44597,5f033bbb053424dd80f2d702f5b896ad931dabf19db0a20ec781adef7b5c353b,256,256,L,valid,,True
D:/Quantization embedded/datasets/calibration/dataset/train/cmp/cmp54.png,datasets/calibration/dataset/train/cmp/cmp54.png,train,cmp,cmp54.png,47286,7cbaea59cead1688bb33137125974a904a6e5d945242e377accd43af81861de0,256,256,L,valid,,False
D:/Quantization embedded/datasets/calibration/dataset/train/cmp/cmp56.png,datasets/calibration/dataset/train/cmp/cmp56.png,train,cmp,cmp56.png,39329,1e6b328eea4c5247b400e04b27c5bd1c133c67c07c8e2cadeba9ee1e868f6842,256,256,L,valid,,False
D:/Quantization embedded/datasets/calibration/dataset/train/cmp/cmp59.png,datasets/calibration/dataset/train/cmp/cmp59.png,train,cmp,cmp59.png,39270,51b4589a70bdf9fe0a8c3eef14c21cfaac53f064fbc079cb87180bd8a5155667,256,256,L,valid,,False
D:/Quantization embedded/datasets/calibration/dataset/train/cmp/cmp6.JPG,datasets/calibration/dataset/train/cmp/cmp6.JPG,train,cmp,cmp6.JPG,27792,dad27b276fa9a0e7bfea310365aad6412d1b25c0eed6b73422ef76f3727c3965,373,367,RGB,valid,,False
D:/Quantization embedded/datasets/calibration/dataset/train/cmp/cmp60.png,datasets/calibration/dataset/train/cmp/cmp60.png,train,cmp,cmp60.png,40259,e1783306f9aadc029f65a675f971ed01c4c48da6d1dd8ad7b3e87cd4c386a50b,256,256,L,valid,,False
D:/Quantization embedded/datasets/calibration/dataset/train/cmp/cmp61.png,datasets/calibration/dataset/train/cmp/cmp61.png,train,cmp,cmp61.png,34223,cbc099095f8ba6363710ecd9d7de3bad9be374238802b9271facd360ee5faade,256,256,L,valid,,False
D:/Quantization embedded/datasets/calibration/dataset/train/cmp/cmp62.png,datasets/calibration/dataset/train/cmp/cmp62.png,train,cmp,cmp62.png,48212,fcf36f5d3adf8b1600c44275d4d25b528d556a18530386f774e9751055b040fc,256,256,L,valid,,False
D:/Quantization embedded/datasets/calibration/dataset/train/cmp/cmp63.png,datasets/calibration/dataset/train/cmp/cmp63.png,train,cmp,cmp63.png,46431,6e15b7493177f847b9b7358c85b3f80836baa66e33b83b007e46a3ad7022a4e6,256,256,L,valid,,False
D:/Quantization embedded/datasets/calibration/dataset/train/cmp/cmp64.png,datasets/calibration/dataset/train/cmp/cmp64.png,train,cmp,cmp64.png,44683,31c1cd1805255e96317d9c2a541a30e64dec858300ff31f1ddc4309647c6907e,256,256,L,valid,,False
D:/Quantization embedded/datasets/calibration/dataset/train/cmp/cmp66.png,datasets/calibration/dataset/train/cmp/cmp66.png,train,cmp,cmp66.png,44047,06648b2ba966b412d914168d41a40ad9774b31ff3d7d84b8cd38d8d98c6b6af4,256,256,L,valid,,False
D:/Quantization embedded/datasets/calibration/dataset/train/cmp/cmp67.png,datasets/calibration/dataset/train/cmp/cmp67.png,train,cmp,cmp67.png,44866,c2d4953206e18ab0d339ffcab8a3fddf5a21a323b30ddec3daf28b38ffb2dd3d,256,256,L,valid,,False
D:/Quantization embedded/datasets/calibration/dataset/train/cmp/cmp7.PNG,datasets/calibration/dataset/train/cmp/cmp7.PNG,train,cmp,cmp7.PNG,241651,a2167307376d9af5e186be66199d717699a50e125a24a4346c777322efd9e6b7,358,389,RGBA,valid,,True
D:/Quantization embedded/datasets/calibration/dataset/train/cmp/cmp70.png,datasets/calibration/dataset/train/cmp/cmp70.png,train,cmp,cmp70.png,36226,22f6af352c555c2bdf963d8853313975341a15ec152a8ff1516d86c60b0b9796,256,256,L,valid,,False
D:/Quantization embedded/datasets/calibration/dataset/train/cmp/cmp71.png,datasets/calibration/dataset/train/cmp/cmp71.png,train,cmp,cmp71.png,44684,0a891705c41c61a7f8c2b1a30cbc02a6f36ff181532af3570646fc3d4b16e5fc,256,256,L,valid,,False
D:/Quantization embedded/datasets/calibration/dataset/train/cmp/cmp72.png,datasets/calibration/dataset/train/cmp/cmp72.png,train,cmp,cmp72.png,46457,6ff433a9b4ceeb95e3a70abd979178bf7cae2a2a33a1cf78e4ca30f744d19ac4,256,256,L,valid,,False
D:/Quantization embedded/datasets/calibration/dataset/train/cmp/cmp73.png,datasets/calibration/dataset/train/cmp/cmp73.png,train,cmp,cmp73.png,37525,8624ffb3ea9c694179f394e3920047169122ade10451ec9eaae061938bc03a36,256,256,L,valid,,True
D:/Quantization embedded/datasets/calibration/dataset/train/cmp/cmp74.png,datasets/calibration/dataset/train/cmp/cmp74.png,train,cmp,cmp74.png,46136,b3e8309228f2b1157b8627bbdaf4bec38deba585ee28cbe88cee2d8102122af1,256,256,L,valid,,False
D:/Quantization embedded/datasets/calibration/dataset/train/cmp/cmp75.png,datasets/calibration/dataset/train/cmp/cmp75.png,train,cmp,cmp75.png,44654,7d1b6b67fda0a1ad77733db7547db09094d0d04c3598f340340c5e8f8420c6cf,256,256,L,valid,,False
D:/Quantization embedded/datasets/calibration/dataset/train/cmp/cmp76.png,datasets/calibration/dataset/train/cmp/cmp76.png,train,cmp,cmp76.png,46590,1e3c1a1a266c9f458052edfbb2f6af5ee1ee29ae2647722fea448a6424d0af84,256,256,L,valid,,False
D:/Quantization embedded/datasets/calibration/dataset/train/cmp/cmp78.png,datasets/calibration/dataset/train/cmp/cmp78.png,train,cmp,cmp78.png,44746,1803041178725d71a90269861271fbb24ee9869b19ce0e0b333661df7550c40d,256,256,L,valid,,True
D:/Quantization embedded/datasets/calibration/dataset/train/cmp/cmp8.PNG,datasets/calibration/dataset/train/cmp/cmp8.PNG,train,cmp,cmp8.PNG,43247,c9a9b8eb922ee749f8ea6d7aae18fc1fede8ae905d0e9f1f803a217dc0c2bda2,189,168,RGBA,valid,,True
D:/Quantization embedded/datasets/calibration/dataset/train/cmp/cmp80.png,datasets/calibration/dataset/train/cmp/cmp80.png,train,cmp,cmp80.png,47198,8bcf808f8228c13be11114234591e4d0170ff666136d10c98455bdd25674c558,256,256,L,valid,,False
D:/Quantization embedded/datasets/calibration/dataset/train/cmp/cmp81.png,datasets/calibration/dataset/train/cmp/cmp81.png,train,cmp,cmp81.png,42558,310ff41b51eda21d0b6d11b269965e3b997d39a6a8ae5d1405e120b778c1e360,256,256,L,valid,,False
D:/Quantization embedded/datasets/calibration/dataset/train/cmp/cmp82.png,datasets/calibration/dataset/train/cmp/cmp82.png,train,cmp,cmp82.png,39843,602a565de6abfdb47f9629ae9e1d10407089041b438f87c4a661283eb9481951,256,256,L,valid,,True
D:/Quantization embedded/datasets/calibration/dataset/train/cmp/cmp83.png,datasets/calibration/dataset/train/cmp/cmp83.png,train,cmp,cmp83.png,36852,d2d4f44e9fc6a5e4ceab6d2a0be922f488033bf4abd7642ce66cc09fe68d0f86,256,256,L,valid,,False
D:/Quantization embedded/datasets/calibration/dataset/train/cmp/cmp84.png,datasets/calibration/dataset/train/cmp/cmp84.png,train,cmp,cmp84.png,53689,51e912b58dec9590239e2d2de9072d525c99ace4b6c70b82776ab76459b319d7,256,256,L,valid,,True
D:/Quantization embedded/datasets/calibration/dataset/train/cmp/cmp85.png,datasets/calibration/dataset/train/cmp/cmp85.png,train,cmp,cmp85.png,47212,7cb2fca8d239a2ca7d572387752506e91bc64ef4a77611275c76c9ab7d67a305,256,256,L,valid,,False
D:/Quantization embedded/datasets/calibration/dataset/train/cmp/cmp86.png,datasets/calibration/dataset/train/cmp/cmp86.png,train,cmp,cmp86.png,41553,9398165234dda1415d1e3645e6e4cc421676be1aa4aec293167bbc985fba9faa,256,256,L,valid,,False
D:/Quantization embedded/datasets/calibration/dataset/train/cmp/cmp87.png,datasets/calibration/dataset/train/cmp/cmp87.png,train,cmp,cmp87.png,40867,980b6104ca70a24d67a2220d70edcca10bdd81f8d1f8decbf26ac5ec1e72de4d,256,256,L,valid,,False
D:/Quantization embedded/datasets/calibration/dataset/train/cmp/cmp89.png,datasets/calibration/dataset/train/cmp/cmp89.png,train,cmp,cmp89.png,35718,8de9e37b41687b797eb39f15be8cb341768b821c6d29ad0ebecaf6ab3ea3d9a3,256,256,L,valid,,True
D:/Quantization embedded/datasets/calibration/dataset/train/cmp/cmp90.png,datasets/calibration/dataset/train/cmp/cmp90.png,train,cmp,cmp90.png,38767,e2b5586feeab1c2c00aa878332b1e938ec025214df0339c03e0555beb8efd7e8,256,256,L,valid,,False
D:/Quantization embedded/datasets/calibration/dataset/train/cmp/cmp91.png,datasets/calibration/dataset/train/cmp/cmp91.png,train,cmp,cmp91.png,40882,65ed200acafe2a28afc7c03f0d947fc0430a84362aec25b0bb69c1d8773a7947,256,256,L,valid,,False
D:/Quantization embedded/datasets/calibration/dataset/train/cmp/cmp92.png,datasets/calibration/dataset/train/cmp/cmp92.png,train,cmp,cmp92.png,43958,b178de3e9bdc736ff6f6e5ce4d86718ee749e37fb6fb9ccbd4d471492f9fe6d5,256,256,L,valid,,True
D:/Quantization embedded/datasets/calibration/dataset/train/cmp/cmp93.png,datasets/calibration/dataset/train/cmp/cmp93.png,train,cmp,cmp93.png,33772,4adf67e09be312f4eb2df707662a11a92d2ba3ceb66ebae2136317b63dd6b13f,256,256,L,valid,,False
D:/Quantization embedded/datasets/calibration/dataset/train/cmp/cmp94.png,datasets/calibration/dataset/train/cmp/cmp94.png,train,cmp,cmp94.png,39447,6b87c7b1063ec958fba8845a9f712fbef33b1137c702257ba4348e2bb2331899,256,256,L,valid,,False
D:/Quantization embedded/datasets/calibration/dataset/train/cmp/cmp96.png,datasets/calibration/dataset/train/cmp/cmp96.png,train,cmp,cmp96.png,48336,5383bff6f626a95f582ef9a5e1debe0871ebcb9d6587aa0d65334bd043e96789,256,256,L,valid,,False
D:/Quantization embedded/datasets/calibration/dataset/train/cmp/cmp97.png,datasets/calibration/dataset/train/cmp/cmp97.png,train,cmp,cmp97.png,37346,05b992b87de02767c4491fd882fc542b71e82e0aab967524bb08ddbb651cb2a0,256,256,L,valid,,False
D:/Quantization embedded/datasets/calibration/dataset/train/cmp/cmp98.png,datasets/calibration/dataset/train/cmp/cmp98.png,train,cmp,cmp98.png,51693,5c685fe2f38bf9fd5e11e3d5fcf772c82a4c8a5fa5f16485380e4bccf6868b34,256,256,L,valid,,False
D:/Quantization embedded/datasets/calibration/dataset/train/cmp/cmp99.png,datasets/calibration/dataset/train/cmp/cmp99.png,train,cmp,cmp99.png,37867,a214b9531bfea84ac1c85f4b944b34c7994636a0f01e73e59ff256c25a4c247e,256,256,L,valid,,False
D:/Quantization embedded/datasets/calibration/dataset/train/crack/crack1.JPG,datasets/calibration/dataset/train/crack/crack1.JPG,train,crack,crack1.JPG,10822,3d665b04bb4fa84d6e5523de7a559368f4c472f7a3ebfa54a9b0be4d33431730,215,206,RGB,valid,,False
D:/Quantization embedded/datasets/calibration/dataset/train/crack/crack100.png,datasets/calibration/dataset/train/crack/crack100.png,train,crack,crack100.png,32299,ff1af1966dde76792ecda0b79ce27a971f7e8142761f6de1c30060b3c243fb25,256,256,L,valid,,False
D:/Quantization embedded/datasets/calibration/dataset/train/crack/crack101.png,datasets/calibration/dataset/train/crack/crack101.png,train,crack,crack101.png,27969,7789e23c61c5a359d2fab4a35fee9e59f1627b6a64a65c56c9b86223673ded94,256,256,L,valid,,False
D:/Quantization embedded/datasets/calibration/dataset/train/crack/crack102.png,datasets/calibration/dataset/train/crack/crack102.png,train,crack,crack102.png,26865,2110f8dc6f94b631e2b3ff258c024c7f70697bfcef1037e7aa477053b333f43c,256,256,L,valid,,False
D:/Quantization embedded/datasets/calibration/dataset/train/crack/crack103.png,datasets/calibration/dataset/train/crack/crack103.png,train,crack,crack103.png,18885,43bafaaad0caf94151b06e55d51f6b3364410beeaed68491639aaf5bace7e670,256,256,L,valid,,False
D:/Quantization embedded/datasets/calibration/dataset/train/crack/crack104.png,datasets/calibration/dataset/train/crack/crack104.png,train,crack,crack104.png,34624,65b655171daefe60a88872c8112016856cbab7aa3fd9e8a111bbdd347e30b24a,256,256,L,valid,,False
D:/Quantization embedded/datasets/calibration/dataset/train/crack/crack107.png,datasets/calibration/dataset/train/crack/crack107.png,train,crack,crack107.png,28118,21c6c7a37a9c693066f4d179287c11e1838abf5c373668fa0a76b0fa59fb37ed,256,256,L,valid,,False
D:/Quantization embedded/datasets/calibration/dataset/train/crack/crack108.png,datasets/calibration/dataset/train/crack/crack108.png,train,crack,crack108.png,44492,15dc9c8dba2e661b78b425bfa76bb86f085148c93283fe43c9d8c7643bec5210,256,256,L,valid,,False
D:/Quantization embedded/datasets/calibration/dataset/train/crack/crack109.png,datasets/calibration/dataset/train/crack/crack109.png,train,crack,crack109.png,39242,9b5cc77e2158b79aeffd2f005787699307f3c0eb6380d40bcb46c82143d399ca,256,256,L,valid,,False
D:/Quantization embedded/datasets/calibration/dataset/train/crack/crack11.png,datasets/calibration/dataset/train/crack/crack11.png,train,crack,crack11.png,37490,1ec5d320527f85e4a0896e638e05ac82bdd94032007d549ca37bd22644b915e3,256,256,L,valid,,False
D:/Quantization embedded/datasets/calibration/dataset/train/crack/crack111.png,datasets/calibration/dataset/train/crack/crack111.png,train,crack,crack111.png,32137,e3a0a02a9ab7e04420038d1bc6bd0aada3135605f8408c9d436ffb90461e7f73,256,256,L,valid,,False
D:/Quantization embedded/datasets/calibration/dataset/train/crack/crack113.png,datasets/calibration/dataset/train/crack/crack113.png,train,crack,crack113.png,30794,61a80fc64597d8532d5314b9713944318cab99a9221658ccc39976da29f25011,256,256,L,valid,,False
D:/Quantization embedded/datasets/calibration/dataset/train/crack/crack114.png,datasets/calibration/dataset/train/crack/crack114.png,train,crack,crack114.png,31963,ac93821a3a0d3e79eb6c3fe2023cd88faa0b423e23812be256b032571edf7d83,256,256,L,valid,,False
D:/Quantization embedded/datasets/calibration/dataset/train/crack/crack115.png,datasets/calibration/dataset/train/crack/crack115.png,train,crack,crack115.png,28156,0982d52ab459bcc375893e6176e0cfc85e92e749b86ab7b1b777f161107fa957,256,256,L,valid,,False
D:/Quantization embedded/datasets/calibration/dataset/train/crack/crack116.png,datasets/calibration/dataset/train/crack/crack116.png,train,crack,crack116.png,33433,6bad89dab06f9338f3242d8f0d7f7a30774fbd6080e89aa9edbc36a3422a8008,256,256,L,valid,,False
D:/Quantization embedded/datasets/calibration/dataset/train/crack/crack117.png,datasets/calibration/dataset/train/crack/crack117.png,train,crack,crack117.png,41813,de6573018a3993fb9556c8cea44b29ded335d96d0ce56f5db836a91829678ee3,256,256,L,valid,,False
D:/Quantization embedded/datasets/calibration/dataset/train/crack/crack118.png,datasets/calibration/dataset/train/crack/crack118.png,train,crack,crack118.png,28751,d40d2cf692ffd22146997950b59b9db314fc8a295126e9ecebf8a56127e13dbe,256,256,L,valid,,False
D:/Quantization embedded/datasets/calibration/dataset/train/crack/crack12.png,datasets/calibration/dataset/train/crack/crack12.png,train,crack,crack12.png,29571,a2a0b65fb4c946fca8bd2852170b494c3a4d075e43643c929ff55911f3624f12,256,256,L,valid,,True
D:/Quantization embedded/datasets/calibration/dataset/train/crack/crack120.png,datasets/calibration/dataset/train/crack/crack120.png,train,crack,crack120.png,30079,7c1fcb85ec2521d947d1f806fa59ee79b71aca54d04c0f5eb6fe514afee83eb2,256,256,L,valid,,False
D:/Quantization embedded/datasets/calibration/dataset/train/crack/crack121.png,datasets/calibration/dataset/train/crack/crack121.png,train,crack,crack121.png,38914,fed1b72c242683b7569f921eeee6b171f1bd37a95334e7fa7ad9c00f374b44ca,256,256,L,valid,,False
D:/Quantization embedded/datasets/calibration/dataset/train/crack/crack122.png,datasets/calibration/dataset/train/crack/crack122.png,train,crack,crack122.png,28413,39199cfb7d4419a9e9c25e61f17b47da4fdede2f46314252428ebad8da73c4ec,256,256,L,valid,,False
D:/Quantization embedded/datasets/calibration/dataset/train/crack/crack123.png,datasets/calibration/dataset/train/crack/crack123.png,train,crack,crack123.png,28084,dcba8e15f38ec66415df01eebcc1712be949f2d7eb160141a8adc4bfd1abc92f,256,256,L,valid,,False
D:/Quantization embedded/datasets/calibration/dataset/train/crack/crack124.png,datasets/calibration/dataset/train/crack/crack124.png,train,crack,crack124.png,41632,64a8d5f511d9b9ce796e6b87a21cacc1c960b2dd6e9420bb49bd609c342108ae,256,256,L,valid,,True
D:/Quantization embedded/datasets/calibration/dataset/train/crack/crack125.png,datasets/calibration/dataset/train/crack/crack125.png,train,crack,crack125.png,31632,d7f4bd2c02abc13497adf50901a4406f8c3a256c2a228fec8872048723d7fb51,256,256,L,valid,,False
D:/Quantization embedded/datasets/calibration/dataset/train/crack/crack126.png,datasets/calibration/dataset/train/crack/crack126.png,train,crack,crack126.png,34332,451efaf6b2c2d9347c874a1f7acc344e91127f5c3c1ced8a966f5eb514e95f11,256,256,L,valid,,False
D:/Quantization embedded/datasets/calibration/dataset/train/crack/crack13.png,datasets/calibration/dataset/train/crack/crack13.png,train,crack,crack13.png,32002,d4b407b952bd476d918bb77982edd1ba82beb497601056a9b01099261df17d89,256,256,L,valid,,False
D:/Quantization embedded/datasets/calibration/dataset/train/crack/crack130.png,datasets/calibration/dataset/train/crack/crack130.png,train,crack,crack130.png,34089,0e757ee519f9fae8708bf805976dcf9d521eb6aa10298a95ff375b598f01690d,256,256,L,valid,,False
D:/Quantization embedded/datasets/calibration/dataset/train/crack/crack131.png,datasets/calibration/dataset/train/crack/crack131.png,train,crack,crack131.png,28729,533891d7f196acdc5f93a05d8e5853f1587162c94224d2319182ca5848ac88e8,256,256,L,valid,,False
D:/Quantization embedded/datasets/calibration/dataset/train/crack/crack133.png,datasets/calibration/dataset/train/crack/crack133.png,train,crack,crack133.png,30350,92ab26ec1429fddcb092d0652b7ef26760a1da971edec1eac302b8934142b687,256,256,L,valid,,True
D:/Quantization embedded/datasets/calibration/dataset/train/crack/crack134.png,datasets/calibration/dataset/train/crack/crack134.png,train,crack,crack134.png,42405,06f74c205052a993e892389dace674bf992e77b3896a4c2b8446e2d8860b2e6c,256,256,L,valid,,False
D:/Quantization embedded/datasets/calibration/dataset/train/crack/crack135.png,datasets/calibration/dataset/train/crack/crack135.png,train,crack,crack135.png,33241,63469004b040faaff5cd450b94d59217fe2667b7f9c74b58411f942e085b9f12,256,256,L,valid,,False
D:/Quantization embedded/datasets/calibration/dataset/train/crack/crack137.png,datasets/calibration/dataset/train/crack/crack137.png,train,crack,crack137.png,34408,2712dc5b9406ea2df0d7981b6336c6b3213059bbea236c88011023c6cb110791,256,256,L,valid,,True
D:/Quantization embedded/datasets/calibration/dataset/train/crack/crack138.png,datasets/calibration/dataset/train/crack/crack138.png,train,crack,crack138.png,32716,abd3de2fa54007d81debf031217521aefcc370f23f554a689bac739554cd82f4,256,256,L,valid,,True
D:/Quantization embedded/datasets/calibration/dataset/train/crack/crack139.png,datasets/calibration/dataset/train/crack/crack139.png,train,crack,crack139.png,27505,552efffef668fc0644ac00c9b7c9b26da23b091a24a23f680f9caaedd03b4d8c,256,256,L,valid,,False
D:/Quantization embedded/datasets/calibration/dataset/train/crack/crack14.png,datasets/calibration/dataset/train/crack/crack14.png,train,crack,crack14.png,19628,eb3806b2fdda65ca1d09b20596f409b72ba0e4cceceba5cbf599d735e6a25520,256,256,L,valid,,False
D:/Quantization embedded/datasets/calibration/dataset/train/crack/crack144.png,datasets/calibration/dataset/train/crack/crack144.png,train,crack,crack144.png,27130,c3507ee468520f39cc251b6f20ada4e71a5a23bd06ecfe6866a722d6ced420dc,256,256,L,valid,,True
D:/Quantization embedded/datasets/calibration/dataset/train/crack/crack145.png,datasets/calibration/dataset/train/crack/crack145.png,train,crack,crack145.png,38875,680ee21a7fe19313465f10a9bc59eb6727523e951f53939af60b3cc40356b03b,256,256,L,valid,,False
D:/Quantization embedded/datasets/calibration/dataset/train/crack/crack146.png,datasets/calibration/dataset/train/crack/crack146.png,train,crack,crack146.png,33046,381c776e825105dca212e82051fca1a253a719231628b7eea5464bdeaba0c9e6,256,256,L,valid,,False
D:/Quantization embedded/datasets/calibration/dataset/train/crack/crack147.png,datasets/calibration/dataset/train/crack/crack147.png,train,crack,crack147.png,33067,c4695ca07e20a833c997815140f130d763d3b95401000cd68d7879223a565c8c,256,256,L,valid,,False
D:/Quantization embedded/datasets/calibration/dataset/train/crack/crack148.png,datasets/calibration/dataset/train/crack/crack148.png,train,crack,crack148.png,28475,9d963b4086e038cb2405812dea46a386637b85c5413726cf146352b9628ad6f9,256,256,L,valid,,False
D:/Quantization embedded/datasets/calibration/dataset/train/crack/crack15.png,datasets/calibration/dataset/train/crack/crack15.png,train,crack,crack15.png,39557,b360f5029ca8764a2d6f9eb7a93c7c58b58eb35b287e46aabce49a998400ba8f,256,256,L,valid,,False
D:/Quantization embedded/datasets/calibration/dataset/train/crack/crack151.png,datasets/calibration/dataset/train/crack/crack151.png,train,crack,crack151.png,27893,a449491662d21947c234b631a6c4a869e214bd4031453c7a681b18278228ccd0,256,256,L,valid,,False
D:/Quantization embedded/datasets/calibration/dataset/train/crack/crack152.png,datasets/calibration/dataset/train/crack/crack152.png,train,crack,crack152.png,28930,aa3b828b582b5da52047a73fd233f32f7914e4d12384dc9d4224ea6636293e75,256,256,L,valid,,False
D:/Quantization embedded/datasets/calibration/dataset/train/crack/crack153.png,datasets/calibration/dataset/train/crack/crack153.png,train,crack,crack153.png,39648,d1844d0cfa0d15bfca148ca58479780fb926e8771cd3d3f455779247db44832d,256,256,L,valid,,False
D:/Quantization embedded/datasets/calibration/dataset/train/crack/crack154.png,datasets/calibration/dataset/train/crack/crack154.png,train,crack,crack154.png,42767,f9488a1cf64c7dd14cf3c81246c4bb9f3624f4d02d587a876e1bdb3cdf49caa7,256,256,L,valid,,True
D:/Quantization embedded/datasets/calibration/dataset/train/crack/crack155.png,datasets/calibration/dataset/train/crack/crack155.png,train,crack,crack155.png,36798,5fbcbc5afe201fcadef9af59411cd57dd6217cad5fddb333e3368b17fa4c8a5e,256,256,L,valid,,True
D:/Quantization embedded/datasets/calibration/dataset/train/crack/crack156.png,datasets/calibration/dataset/train/crack/crack156.png,train,crack,crack156.png,36126,525f15f5f7470a11fe72c7632bd8574e9ca594f8a903acedf0c64318d8ac1aba,256,256,L,valid,,False
D:/Quantization embedded/datasets/calibration/dataset/train/crack/crack159.PNG,datasets/calibration/dataset/train/crack/crack159.PNG,train,crack,crack159.PNG,22600,1e44e9a321e9378ee12f57154f51d45dd6467cdc31779fad23aacbc51cf930b0,122,106,RGBA,valid,,True
D:/Quantization embedded/datasets/calibration/dataset/train/crack/crack17.png,datasets/calibration/dataset/train/crack/crack17.png,train,crack,crack17.png,26764,ea70438936ac71fd5c66766222931932d8344d3aa40370edc3cc0678796822bd,256,256,L,valid,,False
D:/Quantization embedded/datasets/calibration/dataset/train/crack/crack18.png,datasets/calibration/dataset/train/crack/crack18.png,train,crack,crack18.png,23407,6a196b125a9eef0977e992aac4d97723834a0a614c6aa9aacf4e7bf1b264ef94,256,256,L,valid,,False
D:/Quantization embedded/datasets/calibration/dataset/train/crack/crack19.png,datasets/calibration/dataset/train/crack/crack19.png,train,crack,crack19.png,25057,ce47933256d51c6cda1045cdd8e98ae5bc023209e5f74f607cfc3ee98c7adfa4,256,256,L,valid,,False
D:/Quantization embedded/datasets/calibration/dataset/train/crack/crack20.png,datasets/calibration/dataset/train/crack/crack20.png,train,crack,crack20.png,39100,dc7f971b260eb168c0066318d9cad12774b96869c3c9bd4939d1a60157170623,256,256,L,valid,,False
D:/Quantization embedded/datasets/calibration/dataset/train/crack/crack21.png,datasets/calibration/dataset/train/crack/crack21.png,train,crack,crack21.png,32361,a9cdad7a56b90a376cb6ff65400fe068300ee1fdcc98e3e1490bd7d04bea03d4,256,256,L,valid,,False
D:/Quantization embedded/datasets/calibration/dataset/train/crack/crack22.png,datasets/calibration/dataset/train/crack/crack22.png,train,crack,crack22.png,36757,e59fec6c1e9a8b0d76ea7ace007e3154814061747b9aa8d37bc450b7a5b30958,256,256,L,valid,,False
D:/Quantization embedded/datasets/calibration/dataset/train/crack/crack23.png,datasets/calibration/dataset/train/crack/crack23.png,train,crack,crack23.png,19938,d3234264033b8eda0cfc14e49df3be129feb512c33fe69617556af83a8290904,256,256,L,valid,,False
D:/Quantization embedded/datasets/calibration/dataset/train/crack/crack24.png,datasets/calibration/dataset/train/crack/crack24.png,train,crack,crack24.png,18357,0358cd80ff35042af2426c820c86a085aaa5b2b3fea411329bebd74fdfd49cb0,256,256,L,valid,,False
D:/Quantization embedded/datasets/calibration/dataset/train/crack/crack26.png,datasets/calibration/dataset/train/crack/crack26.png,train,crack,crack26.png,26402,1c57228171757faae798e032b341a001a3cf15fcf6b24e374016439f2cfc6506,256,256,L,valid,,False
D:/Quantization embedded/datasets/calibration/dataset/train/crack/crack27.png,datasets/calibration/dataset/train/crack/crack27.png,train,crack,crack27.png,39354,4937247e452c6fcbf87fe2030f7b3e8d9f0f22dfc8b03943a5f5379230ec4e72,256,256,L,valid,,False
D:/Quantization embedded/datasets/calibration/dataset/train/crack/crack29.png,datasets/calibration/dataset/train/crack/crack29.png,train,crack,crack29.png,32180,72516a5fd2a953047ce5208a0705f90abcc4c74e41e1c89fdb416964f5cbc981,256,256,L,valid,,False
D:/Quantization embedded/datasets/calibration/dataset/train/crack/crack3.png,datasets/calibration/dataset/train/crack/crack3.png,train,crack,crack3.png,266641,5018d345bbbf30665cf7cad4da2d5653157e45132ac7d0ed4ec37a2157305000,641,627,RGBA,valid,,True
D:/Quantization embedded/datasets/calibration/dataset/train/crack/crack30.png,datasets/calibration/dataset/train/crack/crack30.png,train,crack,crack30.png,28727,ac7a3067c3b8013075bd67e4377487a95092a6c73ad6d13c571975ca42a80a3e,256,256,L,valid,,False
D:/Quantization embedded/datasets/calibration/dataset/train/crack/crack31.png,datasets/calibration/dataset/train/crack/crack31.png,train,crack,crack31.png,17988,be5af1fe198e01feaff2d277be0557a7147f911c27d400981ff174b21b71c74b,256,256,L,valid,,False
D:/Quantization embedded/datasets/calibration/dataset/train/crack/crack32.png,datasets/calibration/dataset/train/crack/crack32.png,train,crack,crack32.png,19969,5ca04aa987895c28e1357dc4527f3c15aa3e1024e8607726425d61049280c353,256,256,L,valid,,False
D:/Quantization embedded/datasets/calibration/dataset/train/crack/crack33.png,datasets/calibration/dataset/train/crack/crack33.png,train,crack,crack33.png,30311,cf9e6e331d3bdadece4cfe7413beab843f066c6ee6f8f069b0bee29eab2dce03,256,256,L,valid,,True
D:/Quantization embedded/datasets/calibration/dataset/train/crack/crack35.png,datasets/calibration/dataset/train/crack/crack35.png,train,crack,crack35.png,36147,c4dede05e42ea5f24726ba5ce7dbf372710a7b0c513617c27c20ab0aa2ac5176,256,256,L,valid,,False
D:/Quantization embedded/datasets/calibration/dataset/train/crack/crack36.png,datasets/calibration/dataset/train/crack/crack36.png,train,crack,crack36.png,28823,9b7d6cd9417166c884c00c68d4ff0992e6813e2aa497bad6aa7fefd640765651,256,256,L,valid,,False
D:/Quantization embedded/datasets/calibration/dataset/train/crack/crack37.png,datasets/calibration/dataset/train/crack/crack37.png,train,crack,crack37.png,33068,ad4b51d087842edd92f0ee166ba8a0a5d44e1b36a18f8e84105d2d754ab8a166,256,256,L,valid,,False
D:/Quantization embedded/datasets/calibration/dataset/train/crack/crack4.png,datasets/calibration/dataset/train/crack/crack4.png,train,crack,crack4.png,94139,9c9c364de3db0ea6896ab7e1e01a1fd80803c8c0d0e40318310b0736d1b51ea3,409,352,RGBA,valid,,False
D:/Quantization embedded/datasets/calibration/dataset/train/crack/crack40.png,datasets/calibration/dataset/train/crack/crack40.png,train,crack,crack40.png,36845,760b78a894c1222267dd11d3fb37a5ea1908bd559ded9026f4166f7394069767,256,256,L,valid,,False
D:/Quantization embedded/datasets/calibration/dataset/train/crack/crack41.png,datasets/calibration/dataset/train/crack/crack41.png,train,crack,crack41.png,35948,467237c5a4f6dbdb988a78833b4bba3de8824f3299295cd1d2ff8dd8fe9642ef,256,256,L,valid,,False
D:/Quantization embedded/datasets/calibration/dataset/train/crack/crack44.png,datasets/calibration/dataset/train/crack/crack44.png,train,crack,crack44.png,18696,f3dab499553b02a21b6844796169b6ad6b06c981e0d08674c83d1bcd8a68096d,256,256,L,valid,,False
D:/Quantization embedded/datasets/calibration/dataset/train/crack/crack45.png,datasets/calibration/dataset/train/crack/crack45.png,train,crack,crack45.png,29804,a4dc6c08cedda2b7439d3a03154b84357853bb9144a09dab496a49d35bff2734,256,256,L,valid,,False
D:/Quantization embedded/datasets/calibration/dataset/train/crack/crack46.png,datasets/calibration/dataset/train/crack/crack46.png,train,crack,crack46.png,27527,ab3e5f22e111f515b9a7986505183eebf8598f6e6073cc9fe156953c98d1c1ee,256,256,L,valid,,False
D:/Quantization embedded/datasets/calibration/dataset/train/crack/crack48.png,datasets/calibration/dataset/train/crack/crack48.png,train,crack,crack48.png,34400,56ac632ee158bf4cf44b68da58fd2d62cab95009443e574a4e6884c6817bad3e,256,256,L,valid,,True
D:/Quantization embedded/datasets/calibration/dataset/train/crack/crack49.png,datasets/calibration/dataset/train/crack/crack49.png,train,crack,crack49.png,27120,926b9f4915f2aad68a45b0ca817b55aa8119d42690452c00673d6b74b592c342,256,256,L,valid,,False
D:/Quantization embedded/datasets/calibration/dataset/train/crack/crack50.png,datasets/calibration/dataset/train/crack/crack50.png,train,crack,crack50.png,38718,e4b1abd20efb624e781d37eff7743b8c72faff992d3dc8fc9af8a15b9da05f22,256,256,L,valid,,True
D:/Quantization embedded/datasets/calibration/dataset/train/crack/crack53.png,datasets/calibration/dataset/train/crack/crack53.png,train,crack,crack53.png,39639,1801f4cfc3f5c78b44c004a96da4231a821c86cef857e035d700f3803353ddd7,256,256,L,valid,,False
D:/Quantization embedded/datasets/calibration/dataset/train/crack/crack55.png,datasets/calibration/dataset/train/crack/crack55.png,train,crack,crack55.png,28447,1d8c5eb912a89e3c2dd4c413be849f6556e0d3994d7df959b8f09123c1c61afe,256,256,L,valid,,False
D:/Quantization embedded/datasets/calibration/dataset/train/crack/crack56.png,datasets/calibration/dataset/train/crack/crack56.png,train,crack,crack56.png,32546,58d167f94623c28d02d66e6e8c38ca941af00762856049af4718a20bbd9a402f,256,256,L,valid,,True
D:/Quantization embedded/datasets/calibration/dataset/train/crack/crack57.png,datasets/calibration/dataset/train/crack/crack57.png,train,crack,crack57.png,31806,78e764b89d37d6b04fc13634613346f8164a1948a3f03cd54792f825319b7068,256,256,L,valid,,False
D:/Quantization embedded/datasets/calibration/dataset/train/crack/crack58.png,datasets/calibration/dataset/train/crack/crack58.png,train,crack,crack58.png,33946,a4f64c1e0d18720a8491872ea06945c681063c472e95c019ee21a825bd38a27b,256,256,L,valid,,True
D:/Quantization embedded/datasets/calibration/dataset/train/crack/crack6.png,datasets/calibration/dataset/train/crack/crack6.png,train,crack,crack6.png,176857,b042e593f7233ed1fc013d6fbdce021b9e1bb19a8ea64a27d9d02a2e4c19e363,612,443,RGBA,valid,,False
D:/Quantization embedded/datasets/calibration/dataset/train/crack/crack60.png,datasets/calibration/dataset/train/crack/crack60.png,train,crack,crack60.png,18517,02929d55d52ae26bb9ba6e223db596ac4a98e3c560cd6224390d1d1f33f9bd8d,256,256,L,valid,,False
D:/Quantization embedded/datasets/calibration/dataset/train/crack/crack63.png,datasets/calibration/dataset/train/crack/crack63.png,train,crack,crack63.png,34821,94c75dba93cecdeff950115ecb61f110dc50840c25ffd5a4d5d6f919b66e1923,256,256,L,valid,,False
D:/Quantization embedded/datasets/calibration/dataset/train/crack/crack64.png,datasets/calibration/dataset/train/crack/crack64.png,train,crack,crack64.png,34879,e0d74711a2d5783e8cca67f86b188431f1f9ae98a070cb707bcd1d287ec4e883,256,256,L,valid,,False
D:/Quantization embedded/datasets/calibration/dataset/train/crack/crack65.png,datasets/calibration/dataset/train/crack/crack65.png,train,crack,crack65.png,27286,98cf99bbbe1376d8418b3aa69597f14cdc340d99f9cdc49ab9844cc5caf8bf43,256,256,L,valid,,False
D:/Quantization embedded/datasets/calibration/dataset/train/crack/crack66.png,datasets/calibration/dataset/train/crack/crack66.png,train,crack,crack66.png,38984,4dddd36f545757ea8f9d51e6b83c2d80915980ee86fe1d3a04d28854db50d263,256,256,L,valid,,True
D:/Quantization embedded/datasets/calibration/dataset/train/crack/crack67.png,datasets/calibration/dataset/train/crack/crack67.png,train,crack,crack67.png,34029,fe4a29a50abb48ed9bb057bdd4d1446515188dce1b380e92dcbd8f8d0d446242,256,256,L,valid,,False
D:/Quantization embedded/datasets/calibration/dataset/train/crack/crack69.png,datasets/calibration/dataset/train/crack/crack69.png,train,crack,crack69.png,35688,4decf33f025aa21262ea7913456ec0a9d90b111290293340cd3aa0522556b38f,256,256,L,valid,,False
D:/Quantization embedded/datasets/calibration/dataset/train/crack/crack70.png,datasets/calibration/dataset/train/crack/crack70.png,train,crack,crack70.png,27931,ea2105dd34fe593f32a1bfad954058df464a704aa708207ac98de2abd7a7ac12,256,256,L,valid,,False
D:/Quantization embedded/datasets/calibration/dataset/train/crack/crack72.png,datasets/calibration/dataset/train/crack/crack72.png,train,crack,crack72.png,39540,b339e50132d03e97830fb5d872435495c37922a584c651aa161ecdab902d22ae,256,256,L,valid,,True
D:/Quantization embedded/datasets/calibration/dataset/train/crack/crack75.png,datasets/calibration/dataset/train/crack/crack75.png,train,crack,crack75.png,34517,8f8ea2be201d269e48ad3ef7f9e047ce86b2b88403237ae96d913c6733123811,256,256,L,valid,,True
D:/Quantization embedded/datasets/calibration/dataset/train/crack/crack76.png,datasets/calibration/dataset/train/crack/crack76.png,train,crack,crack76.png,37283,94306109dcf852a036e5307a9e8141456a8773ae802d469da8536ffa3f857681,256,256,L,valid,,False
D:/Quantization embedded/datasets/calibration/dataset/train/crack/crack77.png,datasets/calibration/dataset/train/crack/crack77.png,train,crack,crack77.png,29985,cba6d5573159e2d4bca617cd8c7cbb3d23786cb8cac790a8604c226867814df7,256,256,L,valid,,True
D:/Quantization embedded/datasets/calibration/dataset/train/crack/crack78.png,datasets/calibration/dataset/train/crack/crack78.png,train,crack,crack78.png,41576,6e0953bf6233f41c9771de6605b8171f802346082c366a057b7903ce802159d2,256,256,L,valid,,False
D:/Quantization embedded/datasets/calibration/dataset/train/crack/crack79.png,datasets/calibration/dataset/train/crack/crack79.png,train,crack,crack79.png,38976,3aa8a532d636e8a45ff558d7ac6abb54107d5fd14f170d377610015e055ffd16,256,256,L,valid,,False
D:/Quantization embedded/datasets/calibration/dataset/train/crack/crack8.png,datasets/calibration/dataset/train/crack/crack8.png,train,crack,crack8.png,27950,379ada56f0d24ac6b7617b4578d9a1b70098e2f2e4cf1342469795189c1a5cf7,256,256,L,valid,,False
D:/Quantization embedded/datasets/calibration/dataset/train/crack/crack80.png,datasets/calibration/dataset/train/crack/crack80.png,train,crack,crack80.png,34250,b1ae0fe674bcea9b7e11f0bdd17098e15ab6668efe917fe7fb251581efc3b15b,256,256,L,valid,,False
D:/Quantization embedded/datasets/calibration/dataset/train/crack/crack81.png,datasets/calibration/dataset/train/crack/crack81.png,train,crack,crack81.png,32328,b1428efcd3a87ec68dbb0fc87a626c8413894c2f6670714a22268d1a499f58d7,256,256,L,valid,,False
D:/Quantization embedded/datasets/calibration/dataset/train/crack/crack82.png,datasets/calibration/dataset/train/crack/crack82.png,train,crack,crack82.png,36890,bb37c0a6278bce320c718b4eefcc2ba3080e924267d225d8bb53243df21957f3,256,256,L,valid,,True
D:/Quantization embedded/datasets/calibration/dataset/train/crack/crack83.png,datasets/calibration/dataset/train/crack/crack83.png,train,crack,crack83.png,35699,243de2ed127d5a13dc3fe5c74299cb1d554ce3ee66c9e2959b7ce261ddafc4ec,256,256,L,valid,,False
D:/Quantization embedded/datasets/calibration/dataset/train/crack/crack86.png,datasets/calibration/dataset/train/crack/crack86.png,train,crack,crack86.png,39058,865d9b90e2e78a6d9d2499aa3a81a55c232f496372f950b6e8a5bf7563585d81,256,256,L,valid,,True
D:/Quantization embedded/datasets/calibration/dataset/train/crack/crack87.png,datasets/calibration/dataset/train/crack/crack87.png,train,crack,crack87.png,35665,c31e123f93de7f5ec908d68998543f3ec5fa005366a5d978d260ce19efbe9b4f,256,256,L,valid,,True
D:/Quantization embedded/datasets/calibration/dataset/train/crack/crack9.png,datasets/calibration/dataset/train/crack/crack9.png,train,crack,crack9.png,18854,5dcb7afe48f60fbe4c01849369ada30e3a32f60ed49f8a7e342c3ec8d55a9c45,256,256,L,valid,,False
D:/Quantization embedded/datasets/calibration/dataset/train/crack/crack90.png,datasets/calibration/dataset/train/crack/crack90.png,train,crack,crack90.png,27910,ddfef30f34306c9cfabdff32f4d481a1dbe0537c4759b519146bb411d0251f2e,256,256,L,valid,,True
D:/Quantization embedded/datasets/calibration/dataset/train/crack/crack92.png,datasets/calibration/dataset/train/crack/crack92.png,train,crack,crack92.png,24856,99ae1ec7caf7451cbcd1a3fd7316709b78868a040de8be0749a548bb032a841c,256,256,L,valid,,False
D:/Quantization embedded/datasets/calibration/dataset/train/crack/crack93.png,datasets/calibration/dataset/train/crack/crack93.png,train,crack,crack93.png,29388,fb5cd6999814deeebcc48bcf6a0cf97f7c801c7b59282e9b2010963a20299cf0,256,256,L,valid,,True
D:/Quantization embedded/datasets/calibration/dataset/train/crack/crack95.png,datasets/calibration/dataset/train/crack/crack95.png,train,crack,crack95.png,28934,a7cb4aece5ace5bb9d36c064c21c98d363fb9dd41cb1624779cfe60045dd8fba,256,256,L,valid,,False
D:/Quantization embedded/datasets/calibration/dataset/train/crack/crack96.png,datasets/calibration/dataset/train/crack/crack96.png,train,crack,crack96.png,27586,88b713f0b7fbc9e7e7ac27c54111dbaba6df6e6f11be99e49b6015bf835d5ee7,256,256,L,valid,,False
D:/Quantization embedded/datasets/calibration/dataset/train/crack/crack97.png,datasets/calibration/dataset/train/crack/crack97.png,train,crack,crack97.png,42196,dc611af508349f0dea1443acea873fa781deb534435f318e03833c9b24e32fcb,256,256,L,valid,,False
D:/Quantization embedded/datasets/calibration/dataset/train/crack/crack98.png,datasets/calibration/dataset/train/crack/crack98.png,train,crack,crack98.png,27206,f7f91c4d9d856677196df2f9ad859e8e49ab9b4a4c70c5ea334721819cb89e68,256,256,L,valid,,True
D:/Quantization embedded/datasets/calibration/dataset/train/opens/bridge155.PNG,datasets/calibration/dataset/train/opens/bridge155.PNG,train,opens,bridge155.PNG,129262,a4410a367bf2ae1c06fa4b307acd0f6af816ca58b7e22da84e2388e7071f44bd,335,300,RGBA,valid,,False
D:/Quantization embedded/datasets/calibration/dataset/train/opens/bridge156.PNG,datasets/calibration/dataset/train/opens/bridge156.PNG,train,opens,bridge156.PNG,136941,11a0fb6fc5bf7624018ad8ca51f96d1009e1b247b8a40b5ecca742575f7b2482,326,327,RGBA,valid,,False
D:/Quantization embedded/datasets/calibration/dataset/train/opens/open10.png,datasets/calibration/dataset/train/opens/open10.png,train,opens,open10.png,38542,220a4309d5b7297c0e61e645ae021f030af7a795be0f8f39d014d95bc1a7d84d,256,256,L,valid,,False
D:/Quantization embedded/datasets/calibration/dataset/train/opens/open100.png,datasets/calibration/dataset/train/opens/open100.png,train,opens,open100.png,47418,8570d5c5beab700504789061075834900238af89ef3dcac75fad84edeecd8bbd,256,256,L,valid,,True
D:/Quantization embedded/datasets/calibration/dataset/train/opens/open101.png,datasets/calibration/dataset/train/opens/open101.png,train,opens,open101.png,38570,6d4996d6c9c4236fa585c935dd5762cec46b4c9c51610e47e0503a6a61f0ee54,256,256,L,valid,,False
D:/Quantization embedded/datasets/calibration/dataset/train/opens/open103.png,datasets/calibration/dataset/train/opens/open103.png,train,opens,open103.png,39342,7357157afd991aba01e648e58925ed9bcee5b1395c027c8909084ac32d0b72ec,256,256,L,valid,,False
D:/Quantization embedded/datasets/calibration/dataset/train/opens/open104.png,datasets/calibration/dataset/train/opens/open104.png,train,opens,open104.png,39424,b21a8dd93dbc04108328394994a57d6aa88336edb880f7104d38a5a284e530e5,256,256,L,valid,,False
D:/Quantization embedded/datasets/calibration/dataset/train/opens/open105.png,datasets/calibration/dataset/train/opens/open105.png,train,opens,open105.png,23578,814c8c4745745a5fe03026ddb620dc2af1db6c9349673a1d4eb75eaa5cb684f4,256,256,L,valid,,False
D:/Quantization embedded/datasets/calibration/dataset/train/opens/open106.png,datasets/calibration/dataset/train/opens/open106.png,train,opens,open106.png,37164,04005eadd59b428e74b93baa8957b860248bd70ab4d116e58dbc0b8bcf42df6e,256,256,L,valid,,True
D:/Quantization embedded/datasets/calibration/dataset/train/opens/open108.png,datasets/calibration/dataset/train/opens/open108.png,train,opens,open108.png,37241,3935020c8ca9db5af83f56acee18ca3dce8dbe87bddfd4ecbaf09743c5ccf36d,256,256,L,valid,,False
D:/Quantization embedded/datasets/calibration/dataset/train/opens/open11.png,datasets/calibration/dataset/train/opens/open11.png,train,opens,open11.png,39961,ce9e31e34076327f227503786bc8dd3af82aab4ee72c444663034043c30ff680,256,256,L,valid,,False
D:/Quantization embedded/datasets/calibration/dataset/train/opens/open110.png,datasets/calibration/dataset/train/opens/open110.png,train,opens,open110.png,20213,db16d0079c5a0232b3316a9ed21b7a94d823845ad3c7ad22068fe5858a3d4db0,256,256,L,valid,,False
D:/Quantization embedded/datasets/calibration/dataset/train/opens/open111.png,datasets/calibration/dataset/train/opens/open111.png,train,opens,open111.png,46778,9c33bd32b83a08d99001a7096498f475c61f022d74f69ea197ab8c49888839fc,256,256,L,valid,,False
D:/Quantization embedded/datasets/calibration/dataset/train/opens/open112.png,datasets/calibration/dataset/train/opens/open112.png,train,opens,open112.png,49355,642be7a208f0ad0c098be0707b53f0c5fea8d336e0b8d2f6590ccb87cd29b04e,256,256,L,valid,,False
D:/Quantization embedded/datasets/calibration/dataset/train/opens/open113.png,datasets/calibration/dataset/train/opens/open113.png,train,opens,open113.png,29028,7a4b67a91f1f5437e8fe48b3f5a76dcf377f00c399acbc72fcebfa6370fa318c,256,256,L,valid,,False
D:/Quantization embedded/datasets/calibration/dataset/train/opens/open115.png,datasets/calibration/dataset/train/opens/open115.png,train,opens,open115.png,23569,0abfa9d7413828754da9bf8174c3d9bdb7a3aef55880dfa48bab6f3097ee962d,256,256,L,valid,,False
D:/Quantization embedded/datasets/calibration/dataset/train/opens/open118.png,datasets/calibration/dataset/train/opens/open118.png,train,opens,open118.png,46010,c842c727fefee9e9ad4e2ceb0653a2009bd4d9696d35f48dc778a71542b11588,256,256,L,valid,,False
D:/Quantization embedded/datasets/calibration/dataset/train/opens/open119.png,datasets/calibration/dataset/train/opens/open119.png,train,opens,open119.png,40243,b3e0513dc39a86d6dc1d014c363e30790e745494d758cb686652d2f3269a9fda,256,256,L,valid,,False
D:/Quantization embedded/datasets/calibration/dataset/train/opens/open122.png,datasets/calibration/dataset/train/opens/open122.png,train,opens,open122.png,47280,4edee378bd730f029547d98879e5407e37122f59b4e6fb642d97d2ae6634477f,256,256,L,valid,,False
D:/Quantization embedded/datasets/calibration/dataset/train/opens/open123.png,datasets/calibration/dataset/train/opens/open123.png,train,opens,open123.png,46813,e2d25ddd1b318ebd75d4e633f9a9b854358fa52ef859ad2662f329ae9e38af93,256,256,L,valid,,False
D:/Quantization embedded/datasets/calibration/dataset/train/opens/open125.png,datasets/calibration/dataset/train/opens/open125.png,train,opens,open125.png,38898,44af4d2446bdcd95081852632f148550bee9779f2b53215694a34a2f3f647b50,256,256,L,valid,,False
D:/Quantization embedded/datasets/calibration/dataset/train/opens/open126.png,datasets/calibration/dataset/train/opens/open126.png,train,opens,open126.png,46763,75dbd06028f7adc1f4236f99b088a04d3def5edbf63418ad4ca74bba4f0092d5,256,256,L,valid,,False
D:/Quantization embedded/datasets/calibration/dataset/train/opens/open128.png,datasets/calibration/dataset/train/opens/open128.png,train,opens,open128.png,46175,5a33a52bcf91b71ca5fedf161fa051edb1173cf4624573677f123ee6c1806348,256,256,L,valid,,False
D:/Quantization embedded/datasets/calibration/dataset/train/opens/open129.png,datasets/calibration/dataset/train/opens/open129.png,train,opens,open129.png,22375,ebc229a11d7276e4e57711b7d6c5f1ec8551b46caf756f4fe6c2766de48d7aed,256,256,L,valid,,True
D:/Quantization embedded/datasets/calibration/dataset/train/opens/open13.png,datasets/calibration/dataset/train/opens/open13.png,train,opens,open13.png,40428,b9e6e4f4137ad3a8d465c0c68ad13db33a1b84c76a0d702936767312bcae58d2,256,256,L,valid,,False
D:/Quantization embedded/datasets/calibration/dataset/train/opens/open130.png,datasets/calibration/dataset/train/opens/open130.png,train,opens,open130.png,49220,9a7db7e597a545b7bdd47138bb6cd9d9929345a33b215bdf8f923a403dbaef2e,256,256,L,valid,,False
D:/Quantization embedded/datasets/calibration/dataset/train/opens/open131.png,datasets/calibration/dataset/train/opens/open131.png,train,opens,open131.png,36526,35d4a3774e2ec3f4903f16831441de619859e013743e335f1827bcd1821a6ab8,256,256,L,valid,,False
D:/Quantization embedded/datasets/calibration/dataset/train/opens/open136.png,datasets/calibration/dataset/train/opens/open136.png,train,opens,open136.png,46829,3774f8ff06a549b122401198744072c4cd653e32a50e0bc493f11d0cf6d396a2,256,256,L,valid,,True
D:/Quantization embedded/datasets/calibration/dataset/train/opens/open139.png,datasets/calibration/dataset/train/opens/open139.png,train,opens,open139.png,40346,868e207ec4bd81d72dced1599cd591917173da65a092b3e8e3f37243a33694b6,256,256,L,valid,,False
D:/Quantization embedded/datasets/calibration/dataset/train/opens/open14.png,datasets/calibration/dataset/train/opens/open14.png,train,opens,open14.png,23535,a3f5bc330767a9e4adacd0a6fbc83e66b4ab6e8574bc0a8985195b753ab63fe1,256,256,L,valid,,False
D:/Quantization embedded/datasets/calibration/dataset/train/opens/open140.png,datasets/calibration/dataset/train/opens/open140.png,train,opens,open140.png,23580,e914ba836dee2944c639ac6d0ca404b0a2100c397254130f25d65d1eb75ca07a,256,256,L,valid,,False
D:/Quantization embedded/datasets/calibration/dataset/train/opens/open141.png,datasets/calibration/dataset/train/opens/open141.png,train,opens,open141.png,46781,a56ff92981c4d436b9961a9cc885aa320dded825927895b17fe92f7e85452eca,256,256,L,valid,,True
D:/Quantization embedded/datasets/calibration/dataset/train/opens/open142.png,datasets/calibration/dataset/train/opens/open142.png,train,opens,open142.png,46641,f487b8d8350103ac81ed502e1db0bb84359fde9fc9594605f963d865bf79e8bb,256,256,L,valid,,False
D:/Quantization embedded/datasets/calibration/dataset/train/opens/open143.png,datasets/calibration/dataset/train/opens/open143.png,train,opens,open143.png,28961,25890876304425b2e1e3d151bc9aa549345e92ff2f120a44064b1ab78cbd1ffe,256,256,L,valid,,False
D:/Quantization embedded/datasets/calibration/dataset/train/opens/open144.png,datasets/calibration/dataset/train/opens/open144.png,train,opens,open144.png,49377,786aea7fcc54adddb9c9ca4c3c706b3b910d878d6c9bc9cee5c2423ec59e2eb3,256,256,L,valid,,False
D:/Quantization embedded/datasets/calibration/dataset/train/opens/open145.png,datasets/calibration/dataset/train/opens/open145.png,train,opens,open145.png,22632,ddad0fee689ed19685851c4340fb990aed8cc72b45ebe2648991ccb6b61266b2,256,256,L,valid,,False
D:/Quantization embedded/datasets/calibration/dataset/train/opens/open146.png,datasets/calibration/dataset/train/opens/open146.png,train,opens,open146.png,46739,c76f26d5d3a39ebc6bc1526ba81fd5c8dba2192644691135ad88bbebd5c32843,256,256,L,valid,,False
D:/Quantization embedded/datasets/calibration/dataset/train/opens/open147.png,datasets/calibration/dataset/train/opens/open147.png,train,opens,open147.png,40629,43cb27f826d27e8b6697f23c9e3f104ab1123c569977ecdab2f5e3f48b03f0b7,256,256,L,valid,,True
D:/Quantization embedded/datasets/calibration/dataset/train/opens/open15.png,datasets/calibration/dataset/train/opens/open15.png,train,opens,open15.png,38978,36e7cca207c65589dc2be132b5f133180e17b1f09c8d44affeaa1dc464c02d1d,256,256,L,valid,,True
D:/Quantization embedded/datasets/calibration/dataset/train/opens/open150.png,datasets/calibration/dataset/train/opens/open150.png,train,opens,open150.png,36703,b2ceda8a441a1c38bd1635812dd4cf85a4aa81f407d3b6194128d6946120e6a4,256,256,L,valid,,False
D:/Quantization embedded/datasets/calibration/dataset/train/opens/open151.png,datasets/calibration/dataset/train/opens/open151.png,train,opens,open151.png,23542,1b5db503d95442c5d0489ca8c87c435e49c82dd299e9f78a3ac369eb9caa7e99,256,256,L,valid,,True
D:/Quantization embedded/datasets/calibration/dataset/train/opens/open153.png,datasets/calibration/dataset/train/opens/open153.png,train,opens,open153.png,40703,edc317a1f2843d41676a8ce55a0810d3c20dcce62eb31462757891f83cf78049,256,256,L,valid,,False
D:/Quantization embedded/datasets/calibration/dataset/train/opens/open155.png,datasets/calibration/dataset/train/opens/open155.png,train,opens,open155.png,22536,4efbac3431b2378929759d6f2563bb6a4093384b796d082c7163dd37581f10a7,256,256,L,valid,,False
D:/Quantization embedded/datasets/calibration/dataset/train/opens/open156.png,datasets/calibration/dataset/train/opens/open156.png,train,opens,open156.png,44518,689b0d48d0a9523ea89e37c25033e2a1aa9d5020a881bdbb5059cb01891917a2,256,256,L,valid,,False
D:/Quantization embedded/datasets/calibration/dataset/train/opens/open157.png,datasets/calibration/dataset/train/opens/open157.png,train,opens,open157.png,46763,2fc0d89fd7f870a3f26b47527c1f5aaac2ed1ee88d68acd65165c5775caa5591,256,256,L,valid,,True
D:/Quantization embedded/datasets/calibration/dataset/train/opens/open16.png,datasets/calibration/dataset/train/opens/open16.png,train,opens,open16.png,46761,9eff8db70d0906196a712f94be9c2c11661ef9057505f982ba6ce8d2d3e092a3,256,256,L,valid,,False
D:/Quantization embedded/datasets/calibration/dataset/train/opens/open17.png,datasets/calibration/dataset/train/opens/open17.png,train,opens,open17.png,37148,8a6d73dcb132203eb32b1f6f3367d91ea92f8792a738bfadb59ab3523fe236f3,256,256,L,valid,,False
D:/Quantization embedded/datasets/calibration/dataset/train/opens/open18.png,datasets/calibration/dataset/train/opens/open18.png,train,opens,open18.png,49391,57751d73748135cb8dd861f69b4e09e6845a58e00d547104429cd633555b4729,256,256,L,valid,,False
D:/Quantization embedded/datasets/calibration/dataset/train/opens/open19.png,datasets/calibration/dataset/train/opens/open19.png,train,opens,open19.png,20015,9c75e56d6a6b4976b85f4f4391f1997d18eb15a1616f12294a7462f68b66b5de,256,256,L,valid,,False
D:/Quantization embedded/datasets/calibration/dataset/train/opens/open20.png,datasets/calibration/dataset/train/opens/open20.png,train,opens,open20.png,45982,84901c4ea653a84bc050766ee589d26109e9df4d4130ee4a448d327bafa8efc9,256,256,L,valid,,False
D:/Quantization embedded/datasets/calibration/dataset/train/opens/open21.png,datasets/calibration/dataset/train/opens/open21.png,train,opens,open21.png,38866,87adfef3d375f95a337f7cca1eb47befecf4a3842b8add737860734001c9ab6c,256,256,L,valid,,False
D:/Quantization embedded/datasets/calibration/dataset/train/opens/open23.png,datasets/calibration/dataset/train/opens/open23.png,train,opens,open23.png,39055,48eaf99addd7242b7718f1be89ca0ac9e85306f3dd2a52b80e3287633b3e3d27,256,256,L,valid,,True
D:/Quantization embedded/datasets/calibration/dataset/train/opens/open24.png,datasets/calibration/dataset/train/opens/open24.png,train,opens,open24.png,36490,3d3f1071211b58dbe67dbeda351a1d507104145618f3e6f42f44e086933802be,256,256,L,valid,,False
D:/Quantization embedded/datasets/calibration/dataset/train/opens/open25.png,datasets/calibration/dataset/train/opens/open25.png,train,opens,open25.png,37314,e07effcda9d33cfde737a71d9922b2c3bfedbe66cbe4186cefc56b35b87a0efc,256,256,L,valid,,True
D:/Quantization embedded/datasets/calibration/dataset/train/opens/open27.png,datasets/calibration/dataset/train/opens/open27.png,train,opens,open27.png,28772,a525e482d93e5395f0b1c6bd333e4cbd7ecfe2d05074992c56235e28410fb104,256,256,L,valid,,False
D:/Quantization embedded/datasets/calibration/dataset/train/opens/open29.png,datasets/calibration/dataset/train/opens/open29.png,train,opens,open29.png,38548,992714e71ef737720a00ce84a1582ebefcb27f82c444d55c2addd57ff9e64ac0,256,256,L,valid,,False
D:/Quantization embedded/datasets/calibration/dataset/train/opens/open30.png,datasets/calibration/dataset/train/opens/open30.png,train,opens,open30.png,37242,15bd5336425d1af6b1d81cb7a842670382fbb386370f1762f3b41a344ff159a0,256,256,L,valid,,False
D:/Quantization embedded/datasets/calibration/dataset/train/opens/open31.png,datasets/calibration/dataset/train/opens/open31.png,train,opens,open31.png,37141,dbeb974a8ce49b0f88d97b0e39cc72bba7d3febe311917e62b425a49f94ccdbf,256,256,L,valid,,False
D:/Quantization embedded/datasets/calibration/dataset/train/opens/open32.png,datasets/calibration/dataset/train/opens/open32.png,train,opens,open32.png,23558,388e94e4b1ac6d3a1d4d24889e9c4cac0820b8c313cb7fa14a3016de7db76f2f,256,256,L,valid,,False
D:/Quantization embedded/datasets/calibration/dataset/train/opens/open34.png,datasets/calibration/dataset/train/opens/open34.png,train,opens,open34.png,36562,380cf17deaa2037be541cbaa2b1a27189d4d79bd49f064b908624ce85656fab9,256,256,L,valid,,False
D:/Quantization embedded/datasets/calibration/dataset/train/opens/open37.png,datasets/calibration/dataset/train/opens/open37.png,train,opens,open37.png,46762,399750630595b78ddf82f60ef04bfbbf4d1113704a41d3c3b4457f7f13760038,256,256,L,valid,,True
D:/Quantization embedded/datasets/calibration/dataset/train/opens/open39.png,datasets/calibration/dataset/train/opens/open39.png,train,opens,open39.png,45973,e2fd15be9236d5a17c141c0a26e54054c380559140a6f93be8a390b430eb9dff,256,256,L,valid,,False
D:/Quantization embedded/datasets/calibration/dataset/train/opens/open40.png,datasets/calibration/dataset/train/opens/open40.png,train,opens,open40.png,38543,510146ded3d1248b7bc002d07f74b7aeeb20ba8ccf1d6538566328686161ed99,256,256,L,valid,,False
D:/Quantization embedded/datasets/calibration/dataset/train/opens/open41.png,datasets/calibration/dataset/train/opens/open41.png,train,opens,open41.png,22470,1270c3b92c486a0da97f467dd0b0aec2ed77320b7b4c20883b0bd7637a21fa90,256,256,L,valid,,True
D:/Quantization embedded/datasets/calibration/dataset/train/opens/open43.png,datasets/calibration/dataset/train/opens/open43.png,train,opens,open43.png,20021,d66e539ed4a7f30eb24aaad4bd5370ef245beefd5c9f73233260a2248e2ccac6,256,256,L,valid,,False
D:/Quantization embedded/datasets/calibration/dataset/train/opens/open46.png,datasets/calibration/dataset/train/opens/open46.png,train,opens,open46.png,45993,3cfeb7922a4986dd0fbd81b00dacd0ad0f01cc48e7ebd88fc299b9e691f07826,256,256,L,valid,,False
D:/Quantization embedded/datasets/calibration/dataset/train/opens/open47.png,datasets/calibration/dataset/train/opens/open47.png,train,opens,open47.png,37284,7f04b61a90c13fc549fef7f40dae15f977739f5bdaa8e56c860c66ae8e1794b9,256,256,L,valid,,False
D:/Quantization embedded/datasets/calibration/dataset/train/opens/open48.png,datasets/calibration/dataset/train/opens/open48.png,train,opens,open48.png,38498,3a8d81c31c8f26abf8b671eb72f87cb7abdeffb715675385ad83f67e7b8f5084,256,256,L,valid,,True
D:/Quantization embedded/datasets/calibration/dataset/train/opens/open49.png,datasets/calibration/dataset/train/opens/open49.png,train,opens,open49.png,38846,36d236a563938b395271e7baf677868b500f6f9533c62207b7cf844473eacf5c,256,256,L,valid,,True
D:/Quantization embedded/datasets/calibration/dataset/train/opens/open50.png,datasets/calibration/dataset/train/opens/open50.png,train,opens,open50.png,42544,02974db3770ff5082d09e34f8df53976f90532551065687731209d3b41bee1fe,256,256,L,valid,,False
D:/Quantization embedded/datasets/calibration/dataset/train/opens/open53.png,datasets/calibration/dataset/train/opens/open53.png,train,opens,open53.png,44565,332c03d20e602f1f75c6b1b867def14363c8f0637564907f11dab346613ce291,256,256,L,valid,,False
D:/Quantization embedded/datasets/calibration/dataset/train/opens/open54.png,datasets/calibration/dataset/train/opens/open54.png,train,opens,open54.png,38964,d204e35d3c0afef92ed1387c0c5997d4214d72a2124eb2bb5eb8482962bd92b4,256,256,L,valid,,False
D:/Quantization embedded/datasets/calibration/dataset/train/opens/open55.png,datasets/calibration/dataset/train/opens/open55.png,train,opens,open55.png,38866,10852b401f8d378dde6b8ee9cbae4ec8947f23e2141edffe7d0a2f88bd69da1b,256,256,L,valid,,True
D:/Quantization embedded/datasets/calibration/dataset/train/opens/open57.png,datasets/calibration/dataset/train/opens/open57.png,train,opens,open57.png,48746,b4255f501b5fafa63b6cb6975954eb01ff429fb267335c0c55bf948f694a160c,256,256,L,valid,,True
D:/Quantization embedded/datasets/calibration/dataset/train/opens/open58.png,datasets/calibration/dataset/train/opens/open58.png,train,opens,open58.png,46172,10c39b94ecbc58b1b78c3beaf6ddfb1ea9ae5e3bc3789d7c7e8a9be6bcc3a0d0,256,256,L,valid,,False
D:/Quantization embedded/datasets/calibration/dataset/train/opens/open59.png,datasets/calibration/dataset/train/opens/open59.png,train,opens,open59.png,22548,de53d97c31c9b204f53e2b3f6935366ae8221ed084977d7952b4eb88cf89fb86,256,256,L,valid,,False
D:/Quantization embedded/datasets/calibration/dataset/train/opens/open60.png,datasets/calibration/dataset/train/opens/open60.png,train,opens,open60.png,38553,a06ae6947bab501a25e9face0314c2519654c52f39c07912752c2d692fea9105,256,256,L,valid,,False
D:/Quantization embedded/datasets/calibration/dataset/train/opens/open62.png,datasets/calibration/dataset/train/opens/open62.png,train,opens,open62.png,49405,c25bf245f7d35979cd3a0547f16c525f6e16a122f5966975708ecad7fa8317fc,256,256,L,valid,,False
D:/Quantization embedded/datasets/calibration/dataset/train/opens/open63.png,datasets/calibration/dataset/train/opens/open63.png,train,opens,open63.png,39404,9375ea4bacb29fa39f493671d3544d64048c96debee66c57f39137041ef9ad5c,256,256,L,valid,,False
D:/Quantization embedded/datasets/calibration/dataset/train/opens/open64.png,datasets/calibration/dataset/train/opens/open64.png,train,opens,open64.png,39116,9c4afd34bcb22db165e85ff7dc0458d4748c47f59300f565624886db750f7721,256,256,L,valid,,False
D:/Quantization embedded/datasets/calibration/dataset/train/opens/open66.png,datasets/calibration/dataset/train/opens/open66.png,train,opens,open66.png,38853,2505ea9eaeae046aae5d5aecd7e431fc2b532d9ed1b41384b6aabe24ceff66cb,256,256,L,valid,,False
D:/Quantization embedded/datasets/calibration/dataset/train/opens/open69.png,datasets/calibration/dataset/train/opens/open69.png,train,opens,open69.png,38885,8aa43b744d8fee24a0ae4d66128a1cc3bd58019a1325d35289ca0c65a4e6e0d8,256,256,L,valid,,False
D:/Quantization embedded/datasets/calibration/dataset/train/opens/open7.png,datasets/calibration/dataset/train/opens/open7.png,train,opens,open7.png,39377,853b9444ef30bf3bd3b0436eba5291b7780628167eb38a500b2822c8c2b28886,256,256,L,valid,,True
D:/Quantization embedded/datasets/calibration/dataset/train/opens/open70.png,datasets/calibration/dataset/train/opens/open70.png,train,opens,open70.png,37330,415bb9d5a788aab69968b20341e4ff96fe8c4b9c9a7e779287325dbc957f4440,256,256,L,valid,,True
D:/Quantization embedded/datasets/calibration/dataset/train/opens/open71.png,datasets/calibration/dataset/train/opens/open71.png,train,opens,open71.png,36573,14c3cb6586aeecd97ff56c2ce29c9088b937504ca2292fc618c72bc2f2c8f7e3,256,256,L,valid,,False
D:/Quantization embedded/datasets/calibration/dataset/train/opens/open72.png,datasets/calibration/dataset/train/opens/open72.png,train,opens,open72.png,20186,96382edc3e9156f4684d009a5f4e10585b8875acb729a8b850440633a8f1f440,256,256,L,valid,,False
D:/Quantization embedded/datasets/calibration/dataset/train/opens/open75.png,datasets/calibration/dataset/train/opens/open75.png,train,opens,open75.png,20151,ea3c4af26963aa272f918303bceb9325c663904e8584bf35cbe70fde22c995e9,256,256,L,valid,,True
D:/Quantization embedded/datasets/calibration/dataset/train/opens/open76.png,datasets/calibration/dataset/train/opens/open76.png,train,opens,open76.png,47413,ec2b3c0a4e993cb8a935a9ac3bba770216f6dd3879ef364cba79355f69c7cef4,256,256,L,valid,,False
D:/Quantization embedded/datasets/calibration/dataset/train/opens/open77.png,datasets/calibration/dataset/train/opens/open77.png,train,opens,open77.png,46778,18796b0ab1decac613ef46117b6c1a106186167ecb33aeb33b8fbf59e7c7397a,256,256,L,valid,,False
D:/Quantization embedded/datasets/calibration/dataset/train/opens/open78.png,datasets/calibration/dataset/train/opens/open78.png,train,opens,open78.png,46737,494dc167517beb9bcd084fd5d68fb111f212489d6d6605de527b979242897ea8,256,256,L,valid,,False
D:/Quantization embedded/datasets/calibration/dataset/train/opens/open79.png,datasets/calibration/dataset/train/opens/open79.png,train,opens,open79.png,20211,b0422e56183353fcf41a13f96b696ff72f174b89d1d2125532d019f62a813e68,256,256,L,valid,,False
D:/Quantization embedded/datasets/calibration/dataset/train/opens/open8.png,datasets/calibration/dataset/train/opens/open8.png,train,opens,open8.png,38926,066d2f1239dbd8da7f84de859b04ed2cf7f9f510bbb0127d21464630dc7f15fa,256,256,L,valid,,False
D:/Quantization embedded/datasets/calibration/dataset/train/opens/open80.png,datasets/calibration/dataset/train/opens/open80.png,train,opens,open80.png,37170,d9b7e0d21f06ed1c8aede0fff090de069e723f00aae6dc27beabcc0509f1e954,256,256,L,valid,,False
D:/Quantization embedded/datasets/calibration/dataset/train/opens/open81.png,datasets/calibration/dataset/train/opens/open81.png,train,opens,open81.png,46163,b542027c5285d5dbc8967b30202231c63c4c9407a0bfd7f00b36d10e31b7e8f0,256,256,L,valid,,True
D:/Quantization embedded/datasets/calibration/dataset/train/opens/open83.png,datasets/calibration/dataset/train/opens/open83.png,train,opens,open83.png,47384,a489e92a68dc3d090b9d57dde81e0cfafd23531e10aff2fa06ae7b45bf0e4ac7,256,256,L,valid,,True
D:/Quantization embedded/datasets/calibration/dataset/train/opens/open85.png,datasets/calibration/dataset/train/opens/open85.png,train,opens,open85.png,28979,614290f7a98975dc64cda79881a3d0095489a31eda466d58f9b4e272280b997d,256,256,L,valid,,False
D:/Quantization embedded/datasets/calibration/dataset/train/opens/open86.png,datasets/calibration/dataset/train/opens/open86.png,train,opens,open86.png,39370,741ec1e55ee7f1781367f28cde48cc148a2d11bbb06b75355571effbb3853275,256,256,L,valid,,False
D:/Quantization embedded/datasets/calibration/dataset/train/opens/open88.png,datasets/calibration/dataset/train/opens/open88.png,train,opens,open88.png,42512,9a98da0f4f8ae72ba1918d0352fd89d8d75e660c74e63faeaa19b4fdb2ee80b5,256,256,L,valid,,False
D:/Quantization embedded/datasets/calibration/dataset/train/opens/open89.png,datasets/calibration/dataset/train/opens/open89.png,train,opens,open89.png,44086,b1d8944d8b1ab3dad0314647776e6c6d8a54bf6ed130e7300db5a5fd45954611,256,256,L,valid,,False
D:/Quantization embedded/datasets/calibration/dataset/train/opens/open91.png,datasets/calibration/dataset/train/opens/open91.png,train,opens,open91.png,46006,c479c23c61b55ae76283e95f3409304c032387d9ef31651fd7b512c985184293,256,256,L,valid,,False
D:/Quantization embedded/datasets/calibration/dataset/train/opens/open92.png,datasets/calibration/dataset/train/opens/open92.png,train,opens,open92.png,39975,abcbd79b6a523bc6543767560e6575064f35e1cc6fd68e7524688db2f84bad1b,256,256,L,valid,,False
D:/Quantization embedded/datasets/calibration/dataset/train/opens/open93.png,datasets/calibration/dataset/train/opens/open93.png,train,opens,open93.png,20179,cf6a08d98d59a9c0097debcfdb5163509bb5405757635a2cb9a5e7d9696b8413,256,256,L,valid,,False
D:/Quantization embedded/datasets/calibration/dataset/train/opens/open95.png,datasets/calibration/dataset/train/opens/open95.png,train,opens,open95.png,46039,aec0b0c35759b3b6e9c2bf37c3dbde4a8ce94836a5bf5ced11148596c82008e4,256,256,L,valid,,False
D:/Quantization embedded/datasets/calibration/dataset/train/opens/open97.png,datasets/calibration/dataset/train/opens/open97.png,train,opens,open97.png,20161,f7a07e065e2e8ba3951c51bce0ff172af7c67946532e7121459131484d4b6c28,256,256,L,valid,,True
D:/Quantization embedded/datasets/calibration/dataset/train/opens/open98.png,datasets/calibration/dataset/train/opens/open98.png,train,opens,open98.png,22584,67250350e73f831c295a8611cd3c1a3d52f09e73a2db4b78461cd635bdc68e57,256,256,L,valid,,True
D:/Quantization embedded/datasets/calibration/dataset/train/opens/open99.png,datasets/calibration/dataset/train/opens/open99.png,train,opens,open99.png,45907,8202a9c04b5908799270cfe78273c8682cecf07820a33f05cae705bb345687bc,256,256,L,valid,,True
D:/Quantization embedded/datasets/calibration/dataset/train/opens/opens1.JPG,datasets/calibration/dataset/train/opens/opens1.JPG,train,opens,opens1.JPG,34992,346441bbaca0f59181577ec4fe6bb1097450a6aca49eb79a78dba742709ab7ff,467,470,RGB,valid,,False
D:/Quantization embedded/datasets/calibration/dataset/train/opens/opens3.jpeg,datasets/calibration/dataset/train/opens/opens3.jpeg,train,opens,opens3.jpeg,15693,3ffe83d94441c53e66cf0af5d828b6f8845fac47a5406985bf272ac34ef3f561,402,394,RGB,valid,,False
D:/Quantization embedded/datasets/calibration/dataset/train/opens/opens4.jpeg,datasets/calibration/dataset/train/opens/opens4.jpeg,train,opens,opens4.jpeg,11696,1fbd95dcd253b25b95cd0fd62c2bb4a45867495141c6766a86fda47e559cdafc,398,380,RGB,valid,,False
D:/Quantization embedded/datasets/calibration/dataset/train/opens/opens5.PNG,datasets/calibration/dataset/train/opens/opens5.PNG,train,opens,opens5.PNG,163252,5db73f5695e912f89329f138ae8fdd0332b308126862415074d2375008063aa9,411,416,RGBA,valid,,False
D:/Quantization embedded/datasets/calibration/dataset/train/opens/opens6.PNG,datasets/calibration/dataset/train/opens/opens6.PNG,train,opens,opens6.PNG,67601,a292fabea986acaa0eacbdac0367c816507a370abefe1149d08085857d2c6827,323,326,RGBA,valid,,False
D:/Quantization embedded/datasets/calibration/dataset/train/other/others 2.png,datasets/calibration/dataset/train/other/others 2.png,train,other,others 2.png,19514,e6d5a329a1ed5abd0933f79fd16edaa3441e5aed95795cf47b84a497876ae595,256,256,L,valid,,False
D:/Quantization embedded/datasets/calibration/dataset/train/other/others 4.png,datasets/calibration/dataset/train/other/others 4.png,train,other,others 4.png,35432,b73a167747e95220730dfc28fd326b45070f82d6ec0b317135acc3310acad237,256,256,L,valid,,True
D:/Quantization embedded/datasets/calibration/dataset/train/other/others 5.png,datasets/calibration/dataset/train/other/others 5.png,train,other,others 5.png,46664,b53a826e6375b16a399a12c5d4f763e07de36e79d7a985ea57ac17119a14bf84,256,256,L,valid,,False
D:/Quantization embedded/datasets/calibration/dataset/train/other/others 6.png,datasets/calibration/dataset/train/other/others 6.png,train,other,others 6.png,65756,7be4f5844253b4f3ca2264d9034b95a7ffdc73f126d531c2d2416e0079388735,256,256,L,valid,,True
D:/Quantization embedded/datasets/calibration/dataset/train/other/others 8.png,datasets/calibration/dataset/train/other/others 8.png,train,other,others 8.png,24902,224561e639b6f96f948f6d7f2c7e563491c4a743520a02fb80e86045687fd672,256,256,L,valid,,False
D:/Quantization embedded/datasets/calibration/dataset/train/other/others10.png,datasets/calibration/dataset/train/other/others10.png,train,other,others10.png,65976,ace4ddb1fb41235b57de4ef345f2de83c06a9ddb7a4e1ec6e4315b5c7621f714,256,256,L,valid,,False
D:/Quantization embedded/datasets/calibration/dataset/train/other/others11.png,datasets/calibration/dataset/train/other/others11.png,train,other,others11.png,18015,b1b87022aa0bcda680037ac090a42e91378eb61611dbf430ed8e403588dcb5d9,256,256,L,valid,,False
D:/Quantization embedded/datasets/calibration/dataset/train/other/others13.png,datasets/calibration/dataset/train/other/others13.png,train,other,others13.png,44643,b84e616d1221ada063098fabec289848aedb5edd943e73d2a3b48c765fb29577,256,256,L,valid,,False
D:/Quantization embedded/datasets/calibration/dataset/train/other/others14.png,datasets/calibration/dataset/train/other/others14.png,train,other,others14.png,29010,308efc7d1bc5e8f8a115946f46af2dc3027265263d0e26c01f9b6d04e9d08769,256,256,L,valid,,False
D:/Quantization embedded/datasets/calibration/dataset/train/other/others15.png,datasets/calibration/dataset/train/other/others15.png,train,other,others15.png,26534,e47b3b1410dd73e16a004cee3641c9ae0f35e75e5ebbef069126ebd430163ef0,256,256,L,valid,,False
D:/Quantization embedded/datasets/calibration/dataset/train/other/others16.png,datasets/calibration/dataset/train/other/others16.png,train,other,others16.png,30918,762c207dfab69cc7b2ac8f93011a18c6226900ded5c34b52eda955772b748ee5,256,256,L,valid,,False
D:/Quantization embedded/datasets/calibration/dataset/train/other/others17.png,datasets/calibration/dataset/train/other/others17.png,train,other,others17.png,63417,ec5915b7187ea825c2bad3f3ce7af3e907f9468b2a9e0d92d0c86bb274471a50,256,256,L,valid,,True
D:/Quantization embedded/datasets/calibration/dataset/train/other/others19.png,datasets/calibration/dataset/train/other/others19.png,train,other,others19.png,45828,8148ecccdef288c5c741f94ebfa9c57ee4d426bcd9d4050bfa0946a3b8d8ce26,256,256,L,valid,,False
D:/Quantization embedded/datasets/calibration/dataset/train/other/others21.png,datasets/calibration/dataset/train/other/others21.png,train,other,others21.png,35993,d5819887d4bb8e669c81012ce3fcad5a5b915206a2f93fd72120de6781ab38e5,256,256,L,valid,,False
D:/Quantization embedded/datasets/calibration/dataset/train/other/others22.png,datasets/calibration/dataset/train/other/others22.png,train,other,others22.png,27425,0f2bad819b51ac4fe24bd923ab6ecb4c03496d1963372dd852802dc6938fe1e9,256,256,L,valid,,True
D:/Quantization embedded/datasets/calibration/dataset/train/other/others23.png,datasets/calibration/dataset/train/other/others23.png,train,other,others23.png,22042,b63718325b031b32f2bad3dd5c7ab843a55db6ee6def332b3f66a50481f568ba,256,256,L,valid,,True
D:/Quantization embedded/datasets/calibration/dataset/train/other/others24.png,datasets/calibration/dataset/train/other/others24.png,train,other,others24.png,65103,127b264cd3812dd5135d8d2a5ede848830214aa63ccf54286af17861acedffed,256,256,L,valid,,False
D:/Quantization embedded/datasets/calibration/dataset/train/other/others25.png,datasets/calibration/dataset/train/other/others25.png,train,other,others25.png,62839,95b31f2ff6c798cc65d8f4e22ece1e55b65e0154c25ec606a3f988544d56926c,256,256,L,valid,,False
D:/Quantization embedded/datasets/calibration/dataset/train/other/others26.png,datasets/calibration/dataset/train/other/others26.png,train,other,others26.png,45042,36f341a18fc9956b0d0415174cd3037fac9676cf2475812ab0c66ba691aaa1b5,256,256,L,valid,,False
D:/Quantization embedded/datasets/calibration/dataset/train/other/others27.png,datasets/calibration/dataset/train/other/others27.png,train,other,others27.png,46408,b93a4205dc09f86b26ddf78cabbedead258d5c665fc3b9764648472a1316f1bc,256,256,L,valid,,False
D:/Quantization embedded/datasets/calibration/dataset/train/other/others28.png,datasets/calibration/dataset/train/other/others28.png,train,other,others28.png,29602,c78d532651ee7f3524c5c3c8a8f1b61493d96d083e754fc9bb1965c61fc814e2,256,256,L,valid,,False
D:/Quantization embedded/datasets/calibration/dataset/train/other/others33.png,datasets/calibration/dataset/train/other/others33.png,train,other,others33.png,65971,55410023312e3ec184e33b4f322af63d357a2503546a3a173c59b05efd76c9a6,256,256,L,valid,,False
D:/Quantization embedded/datasets/calibration/dataset/train/other/others35.png,datasets/calibration/dataset/train/other/others35.png,train,other,others35.png,26301,237ac4028fa12fac98fb49b2f0e1b7f24dac8260f770b23dce6bc363bb816153,256,256,L,valid,,False
D:/Quantization embedded/datasets/calibration/dataset/train/other/others36.png,datasets/calibration/dataset/train/other/others36.png,train,other,others36.png,65923,4ae64442bf9f4c9b5a96ebffe545a43c2b468bfbc478f7b9621f974afad2a896,256,256,L,valid,,False
D:/Quantization embedded/datasets/calibration/dataset/train/other/others37.png,datasets/calibration/dataset/train/other/others37.png,train,other,others37.png,65014,18a43b9ec3cc434aed36ff237d4d24d88806f4b13d585794b09bb0c65ab64d05,256,256,L,valid,,False
D:/Quantization embedded/datasets/calibration/dataset/train/other/others38.png,datasets/calibration/dataset/train/other/others38.png,train,other,others38.png,65911,6716646f1e4ded0591f6029f9d6148ac629ef06153d3cdc9ef89abfa6d48f6f7,256,256,L,valid,,False
D:/Quantization embedded/datasets/calibration/dataset/train/other/others39.png,datasets/calibration/dataset/train/other/others39.png,train,other,others39.png,38731,7ef0c22efe3d55366e46017a03dbbda33e24c9611ba757c885dd00ee20043e87,256,256,L,valid,,True
D:/Quantization embedded/datasets/calibration/dataset/train/other/others40.png,datasets/calibration/dataset/train/other/others40.png,train,other,others40.png,37476,7fd78d228f0f0537fadc47266de05fc7f2b37e834553f9991119afe684826e2e,256,256,L,valid,,False
D:/Quantization embedded/datasets/calibration/dataset/train/other/others41.png,datasets/calibration/dataset/train/other/others41.png,train,other,others41.png,25489,ac3db601614486869642edcf49c328ee51893a2851ed0d2513cf8550188ddf0c,256,256,L,valid,,True
D:/Quantization embedded/datasets/calibration/dataset/train/other/others46.png,datasets/calibration/dataset/train/other/others46.png,train,other,others46.png,54186,256821d75e4b9a760efab542ca47c3ad3bf81256540c927e274aab0a89098115,256,256,L,valid,,False
D:/Quantization embedded/datasets/calibration/dataset/train/other/others47.png,datasets/calibration/dataset/train/other/others47.png,train,other,others47.png,17854,9790fd56af5c37477b5031a13a0819d64e20890d996edbc89bd1c220b3f1235f,256,256,L,valid,,True
D:/Quantization embedded/datasets/calibration/dataset/train/other/others48.png,datasets/calibration/dataset/train/other/others48.png,train,other,others48.png,65308,bbcc7fbc45730312e550d82165900438cd2ac8dd5f81ea8aabe1f8deceb6b895,256,256,L,valid,,False
D:/Quantization embedded/datasets/calibration/dataset/train/other/others49.png,datasets/calibration/dataset/train/other/others49.png,train,other,others49.png,34482,9d19f032e97192b6da846942edabd76738ecffb51862dc6430f15394b8ac5b67,256,256,L,valid,,False
D:/Quantization embedded/datasets/calibration/dataset/train/other/others50.png,datasets/calibration/dataset/train/other/others50.png,train,other,others50.png,27171,5a6328d6574fabeca542dd0d33e1ea5c66ace3f5403d703a67f98550c15b76f7,256,256,L,valid,,False
D:/Quantization embedded/datasets/calibration/dataset/train/other/others51.png,datasets/calibration/dataset/train/other/others51.png,train,other,others51.png,65321,a13e5252c4ca0b73ca80b6955e6ffeb632e00ceb39ceb67d41ba284a86787480,256,256,L,valid,,False
D:/Quantization embedded/datasets/calibration/dataset/train/other/others53.png,datasets/calibration/dataset/train/other/others53.png,train,other,others53.png,29608,6718b0ada0c89598ab10a0c45a52354c1e9b50f3fc42120a6834c3532c6144e8,256,256,L,valid,,False
D:/Quantization embedded/datasets/calibration/dataset/train/other/others54.png,datasets/calibration/dataset/train/other/others54.png,train,other,others54.png,28321,3814af925b1fc779a71211710e28dfc7d6a314ab4bfa47ea3742dbc0f0885218,256,256,L,valid,,False
D:/Quantization embedded/datasets/calibration/dataset/train/other/others55.png,datasets/calibration/dataset/train/other/others55.png,train,other,others55.png,27759,70211a96b4a41ac79084ea305a22adcc2e6bd165a830810d82aa73a6b8b40e1a,256,256,L,valid,,False
D:/Quantization embedded/datasets/calibration/dataset/train/other/others56.png,datasets/calibration/dataset/train/other/others56.png,train,other,others56.png,65773,57d03b0868bf920ae81be3d978353a528d7b6caaa0e2db0585e7326b25edaae9,256,256,L,valid,,False
D:/Quantization embedded/datasets/calibration/dataset/train/other/others58.png,datasets/calibration/dataset/train/other/others58.png,train,other,others58.png,53927,5048603b5ba0646014cba331795929e71585ee4338f66de59b348ccbea6b4686,256,256,L,valid,,False
D:/Quantization embedded/datasets/calibration/dataset/train/other/others62.png,datasets/calibration/dataset/train/other/others62.png,train,other,others62.png,30486,30bb75d9ee09a583bc5b6861fe3ba36dc416f7921090d2c0c0ef599649d195a3,256,256,L,valid,,True
D:/Quantization embedded/datasets/calibration/dataset/train/other/others63.png,datasets/calibration/dataset/train/other/others63.png,train,other,others63.png,18052,6b49924f2fa485e6e126733dc2fe5833ca2b850ad62cd9f713a365a84c51621e,256,256,L,valid,,True
D:/Quantization embedded/datasets/calibration/dataset/train/other/others64.png,datasets/calibration/dataset/train/other/others64.png,train,other,others64.png,64413,01c1567ca657c8db0315cc1e2515c6062268515c6f26556f941ee5059d29316f,256,256,L,valid,,False
D:/Quantization embedded/datasets/calibration/dataset/train/other/others65.png,datasets/calibration/dataset/train/other/others65.png,train,other,others65.png,65403,bffcd45b14aa44ca0f27d6cb99a967f0465f55425bc2ccb4db4b23669d28022e,256,256,L,valid,,True
D:/Quantization embedded/datasets/calibration/dataset/train/other/others66.png,datasets/calibration/dataset/train/other/others66.png,train,other,others66.png,20713,646bb436ff2247d0adb35803a62e7493b3a3875c9e2822c407db0b241314c387,256,256,L,valid,,False
D:/Quantization embedded/datasets/calibration/dataset/train/other/others67.png,datasets/calibration/dataset/train/other/others67.png,train,other,others67.png,37207,fa66bc747a92bb1fa158761166d1a78ce67400f827d03c24423392448719d344,256,256,L,valid,,False
D:/Quantization embedded/datasets/calibration/dataset/train/other/others68.png,datasets/calibration/dataset/train/other/others68.png,train,other,others68.png,26546,7684c73b3d9fd80aad2ac51bc56b04d9a3ce4c64e9ab2a5e570159567b58ae0c,256,256,L,valid,,False
D:/Quantization embedded/datasets/calibration/dataset/train/other/others69.png,datasets/calibration/dataset/train/other/others69.png,train,other,others69.png,23956,4bd4e17f20bf0add6101f152c36e6a5a51509f83c601a38f70235da8b041e2e1,256,256,L,valid,,True
D:/Quantization embedded/datasets/calibration/dataset/train/other/others71.png,datasets/calibration/dataset/train/other/others71.png,train,other,others71.png,64703,f39d5e8fe9b94020b7486a63d0bc5233e552bb2e9f606076a8ad6e64e920faeb,256,256,L,valid,,False
D:/Quantization embedded/datasets/calibration/dataset/train/other/others72.png,datasets/calibration/dataset/train/other/others72.png,train,other,others72.png,42671,73237885b2c0a80668152445d40b93b72f646df946b5bb31f44de46c2bfee3dc,256,256,L,valid,,True
D:/Quantization embedded/datasets/calibration/dataset/train/other/others73.png,datasets/calibration/dataset/train/other/others73.png,train,other,others73.png,38060,cf43aeff8510d478cd7a63a8784240efa06b383f6e2e11456d3b5e7289597a48,256,256,L,valid,,False
D:/Quantization embedded/datasets/calibration/dataset/train/other/others74.png,datasets/calibration/dataset/train/other/others74.png,train,other,others74.png,25684,92afbe37f3fd6b8d4126b14eb030c970b81f2454ceef9d22233507ee1d04cbca,256,256,L,valid,,False
D:/Quantization embedded/datasets/calibration/dataset/train/other/others75.png,datasets/calibration/dataset/train/other/others75.png,train,other,others75.png,56211,beb77e5e8f2dee7ebc44e325d1caa4de96638161945481457262dc251e97191a,256,256,L,valid,,False
D:/Quantization embedded/datasets/calibration/dataset/train/other/others76.png,datasets/calibration/dataset/train/other/others76.png,train,other,others76.png,27273,ddcfb5d85279e1bb3230774a69224d2223cb835ece3d4c44031295589827ede4,256,256,L,valid,,False
D:/Quantization embedded/datasets/calibration/dataset/train/other/others77.png,datasets/calibration/dataset/train/other/others77.png,train,other,others77.png,54022,be80d1dc9fb3c680b11d12ef3904acc64d91dddcd95512379e0ea2d92da83113,256,256,L,valid,,False
D:/Quantization embedded/datasets/calibration/dataset/train/other/others78.png,datasets/calibration/dataset/train/other/others78.png,train,other,others78.png,26253,f3442cc03097f7cca571aebc95b15ab4663d5389c461454f7354bbbc7d5ad47a,256,256,L,valid,,False
D:/Quantization embedded/datasets/calibration/dataset/train/particle/particle1.JPG,datasets/calibration/dataset/train/particle/particle1.JPG,train,particle,particle1.JPG,33784,748bc0b9a065cbb7f2993e177c95b8f87c7793e11870ecff72726feba55df1de,426,426,RGB,valid,,False
D:/Quantization embedded/datasets/calibration/dataset/train/particle/particle10.PNG,datasets/calibration/dataset/train/particle/particle10.PNG,train,particle,particle10.PNG,127330,4321e9a75b48fd957bf29000f4c496c17a7299196aee9fa48b1795a12219f8db,343,287,RGBA,valid,,True
D:/Quantization embedded/datasets/calibration/dataset/train/particle/particle100.png,datasets/calibration/dataset/train/particle/particle100.png,train,particle,particle100.png,34377,d3b860942b00d352896ad6d1b22bbe0aa1cd454694ff63d4046867ae83d90f52,256,256,L,valid,,True
D:/Quantization embedded/datasets/calibration/dataset/train/particle/particle101.png,datasets/calibration/dataset/train/particle/particle101.png,train,particle,particle101.png,41373,3b3fdedd1bd0c2b4ae8bc54e966be250b6b3eaf159123cc19c0b04b08744b2ee,256,256,L,valid,,False
D:/Quantization embedded/datasets/calibration/dataset/train/particle/particle102.png,datasets/calibration/dataset/train/particle/particle102.png,train,particle,particle102.png,51762,105945e4534273490ed6322127942789342482d2c19b65238ba4ea4760341a11,256,256,L,valid,,False
D:/Quantization embedded/datasets/calibration/dataset/train/particle/particle103.png,datasets/calibration/dataset/train/particle/particle103.png,train,particle,particle103.png,42059,c4d4a34e4f9727668a2643d1b439689414823ee245361469d2de68f6ed55cef0,256,256,L,valid,,False
D:/Quantization embedded/datasets/calibration/dataset/train/particle/particle106.png,datasets/calibration/dataset/train/particle/particle106.png,train,particle,particle106.png,33928,df8a78c02aa5f2e36937963bb004c3ac95a4fe42f9cde27c4237009dadb55aec,256,256,L,valid,,False
D:/Quantization embedded/datasets/calibration/dataset/train/particle/particle107.png,datasets/calibration/dataset/train/particle/particle107.png,train,particle,particle107.png,39539,c8f5bb719f84dc4d77c064bf63cff46e89571e92b0f29b2c9284ce47ffee7b4f,256,256,L,valid,,False
D:/Quantization embedded/datasets/calibration/dataset/train/particle/particle108.png,datasets/calibration/dataset/train/particle/particle108.png,train,particle,particle108.png,39489,df938a90826caa326603b4dd781cd040f16d08d45b629f7772046f07cfdafd9b,256,256,L,valid,,False
D:/Quantization embedded/datasets/calibration/dataset/train/particle/particle11.png,datasets/calibration/dataset/train/particle/particle11.png,train,particle,particle11.png,34441,85c4e4db95cd881318a79fd1db8f8e556578166a4ba71e7c7401b096b440c7da,256,256,L,valid,,False
D:/Quantization embedded/datasets/calibration/dataset/train/particle/particle110.png,datasets/calibration/dataset/train/particle/particle110.png,train,particle,particle110.png,40695,be2e627170aeba850c0fa1190f92488b050c5ce70fe8e1987fcfdae13265a299,256,256,L,valid,,False
D:/Quantization embedded/datasets/calibration/dataset/train/particle/particle114.png,datasets/calibration/dataset/train/particle/particle114.png,train,particle,particle114.png,34518,67193335a8eda1bedc27cacf854d4f6062e8442556310e5663c48e49238eb0bb,256,256,L,valid,,False
D:/Quantization embedded/datasets/calibration/dataset/train/particle/particle116.png,datasets/calibration/dataset/train/particle/particle116.png,train,particle,particle116.png,41656,dabd1f45d1d7799d62820cc036fcec668cac282aa932217ab525ccb259a343aa,256,256,L,valid,,True
D:/Quantization embedded/datasets/calibration/dataset/train/particle/particle117.png,datasets/calibration/dataset/train/particle/particle117.png,train,particle,particle117.png,41825,4e319e298dd6ee0e65cebca271a3a8e47e212122f9936bce60b1da1f6b95cff2,256,256,L,valid,,False
D:/Quantization embedded/datasets/calibration/dataset/train/particle/particle118.png,datasets/calibration/dataset/train/particle/particle118.png,train,particle,particle118.png,33984,a1a69f65ee83dae684a1828718c8f70605ba47c781a7c2eeb68a88c9b3e2ed51,256,256,L,valid,,True
D:/Quantization embedded/datasets/calibration/dataset/train/particle/particle119.png,datasets/calibration/dataset/train/particle/particle119.png,train,particle,particle119.png,33981,d681ab56d99206d2bca99450df0aa37e38b21ae8c3aedf3dd015d08faef78cc5,256,256,L,valid,,False
D:/Quantization embedded/datasets/calibration/dataset/train/particle/particle12.png,datasets/calibration/dataset/train/particle/particle12.png,train,particle,particle12.png,53454,a0badd05fabc7f95d3fb661a39cc4b1429b71326273e140c1ad26524fd3342c9,256,256,L,valid,,False
D:/Quantization embedded/datasets/calibration/dataset/train/particle/particle120.png,datasets/calibration/dataset/train/particle/particle120.png,train,particle,particle120.png,33967,f4673134dd0b50b915e3d312f63ddeaec20c300accf8a2ecc4618d53e9a7a334,256,256,L,valid,,False
D:/Quantization embedded/datasets/calibration/dataset/train/particle/particle122.png,datasets/calibration/dataset/train/particle/particle122.png,train,particle,particle122.png,41046,3d2fb4655cc5ff52218e22b9be9e8a619c1b2fb2968f1f57e34e5e1e723b5306,256,256,L,valid,,False
D:/Quantization embedded/datasets/calibration/dataset/train/particle/particle123.png,datasets/calibration/dataset/train/particle/particle123.png,train,particle,particle123.png,39558,0a2ce725ae8cb2bd473f3fe0168cc48312418c53f35828e4df55344b9c28471f,256,256,L,valid,,True
D:/Quantization embedded/datasets/calibration/dataset/train/particle/particle124.png,datasets/calibration/dataset/train/particle/particle124.png,train,particle,particle124.png,40074,2dd09b8f4a42b845e9e01d214a9b19f044bc4d1bd7e6f8fa79a96b6d389322ae,256,256,L,valid,,False
D:/Quantization embedded/datasets/calibration/dataset/train/particle/particle125.png,datasets/calibration/dataset/train/particle/particle125.png,train,particle,particle125.png,37266,5d64d4267f5f85ccf8da9ccdf8df3e58040d8451bfe17ad818cba5ea77b1836c,256,256,L,valid,,False
D:/Quantization embedded/datasets/calibration/dataset/train/particle/particle126.png,datasets/calibration/dataset/train/particle/particle126.png,train,particle,particle126.png,42156,71529491e84ac7edbc787e9241102b6523164d49f33c8521ffa1ca64858013d2,256,256,L,valid,,False
D:/Quantization embedded/datasets/calibration/dataset/train/particle/particle130.png,datasets/calibration/dataset/train/particle/particle130.png,train,particle,particle130.png,37286,455d761ad05987f602db45aa4c6229a379c20f3066de2f49d899753aa4a367dd,256,256,L,valid,,True
D:/Quantization embedded/datasets/calibration/dataset/train/particle/particle132.png,datasets/calibration/dataset/train/particle/particle132.png,train,particle,particle132.png,43216,2defcfd2765454fd4985fe79c7d8ba10524358eae7b6c4820bee62ec2941155f,256,256,L,valid,,False
D:/Quantization embedded/datasets/calibration/dataset/train/particle/particle133.png,datasets/calibration/dataset/train/particle/particle133.png,train,particle,particle133.png,51807,8e8d44c9ccc1592faffcf74d1124b5d38a363a53d496e1e378e663b7d09c9fbf,256,256,L,valid,,False
D:/Quantization embedded/datasets/calibration/dataset/train/particle/particle134.png,datasets/calibration/dataset/train/particle/particle134.png,train,particle,particle134.png,34512,5816d594d512a07e0da4ee1dd0377146a11fbbeba30154eb8711aa94e284be8c,256,256,L,valid,,False
D:/Quantization embedded/datasets/calibration/dataset/train/particle/particle135.png,datasets/calibration/dataset/train/particle/particle135.png,train,particle,particle135.png,51725,b835c9f4ebde55acd3d46fae0532fe393e2a5afa3a8f211e9e7a6e663b6d04df,256,256,L,valid,,False
D:/Quantization embedded/datasets/calibration/dataset/train/particle/particle138.png,datasets/calibration/dataset/train/particle/particle138.png,train,particle,particle138.png,37461,d17275cf71c8f3753f03d84c046e13173d94553f01e9a49722013251a0a0a808,256,256,L,valid,,False
D:/Quantization embedded/datasets/calibration/dataset/train/particle/particle139.png,datasets/calibration/dataset/train/particle/particle139.png,train,particle,particle139.png,41924,38e573c90e19049fdc4ace12582e6bb8479059b2f65a1fd624c9008c4f8b2bd8,256,256,L,valid,,False
D:/Quantization embedded/datasets/calibration/dataset/train/particle/particle14.png,datasets/calibration/dataset/train/particle/particle14.png,train,particle,particle14.png,34154,e6481b3f234f53ef3dce6072ad8bce9155b7c96eee429c2f50d82680c9395707,256,256,L,valid,,False
D:/Quantization embedded/datasets/calibration/dataset/train/particle/particle142.png,datasets/calibration/dataset/train/particle/particle142.png,train,particle,particle142.png,36698,f0da3ad9c7344c03fb2cad6da733b8b7e2d9b14ccd155a93e334446c52567e66,256,256,L,valid,,False
D:/Quantization embedded/datasets/calibration/dataset/train/particle/particle144.png,datasets/calibration/dataset/train/particle/particle144.png,train,particle,particle144.png,51671,a600bae53bec678a1e6c050d8b8178d311f9b4c2c0fa3e95bec0f419e557d95c,256,256,L,valid,,False
D:/Quantization embedded/datasets/calibration/dataset/train/particle/particle145.png,datasets/calibration/dataset/train/particle/particle145.png,train,particle,particle145.png,51952,e572275ab0782f3c6eff72f9fcc2a39104d20e2b57e3984d285f03bc33b75ba4,256,256,L,valid,,False
D:/Quantization embedded/datasets/calibration/dataset/train/particle/particle147.png,datasets/calibration/dataset/train/particle/particle147.png,train,particle,particle147.png,35795,f4387ad99bab1c0262b0c25ddaffd774c65d14e6a8b347b27225ed27bd428598,256,256,L,valid,,True
D:/Quantization embedded/datasets/calibration/dataset/train/particle/particle148.png,datasets/calibration/dataset/train/particle/particle148.png,train,particle,particle148.png,40301,3f02a34b6240418bdbbe857f5140c4ccc7b74fe5663ebe6afbc176fffda8bde2,256,256,L,valid,,False
D:/Quantization embedded/datasets/calibration/dataset/train/particle/particle149.png,datasets/calibration/dataset/train/particle/particle149.png,train,particle,particle149.png,42008,eda8cae028eaff80af3325ca9e6a199409307fb14488f32b2b5e804e5dd65947,256,256,L,valid,,False
D:/Quantization embedded/datasets/calibration/dataset/train/particle/particle15.png,datasets/calibration/dataset/train/particle/particle15.png,train,particle,particle15.png,42645,e33ea4401439cdb65edc83e9dd14cd639f15ca72710003540c313049574bebbf,256,256,L,valid,,False
D:/Quantization embedded/datasets/calibration/dataset/train/particle/particle150.png,datasets/calibration/dataset/train/particle/particle150.png,train,particle,particle150.png,39275,de7508e3ab0617e118f4d7f4f77a2f11833f58446edcba4977bdb12459f75d8d,256,256,L,valid,,False
D:/Quantization embedded/datasets/calibration/dataset/train/particle/particle16.png,datasets/calibration/dataset/train/particle/particle16.png,train,particle,particle16.png,39918,01f7e91e00df490c40c36fa20031ef63f4ac495ab93978ea8528e255d45513b8,256,256,L,valid,,False
D:/Quantization embedded/datasets/calibration/dataset/train/particle/particle17.png,datasets/calibration/dataset/train/particle/particle17.png,train,particle,particle17.png,41593,2facaed125f2265724c0e2ba4e235178998d63cdf334f908909b6e39ed98f8bb,256,256,L,valid,,False
D:/Quantization embedded/datasets/calibration/dataset/train/particle/particle18.png,datasets/calibration/dataset/train/particle/particle18.png,train,particle,particle18.png,34113,fab03b306db2738592df0fe6e433a45432295191909711aa415aa2ba6bd58e7c,256,256,L,valid,,True
D:/Quantization embedded/datasets/calibration/dataset/train/particle/particle19.png,datasets/calibration/dataset/train/particle/particle19.png,train,particle,particle19.png,42381,4563d3c9f2020ebaf83abdf5a3d0e2d55e2c4d5b5698e1c599deaac6138d229b,256,256,L,valid,,False
D:/Quantization embedded/datasets/calibration/dataset/train/particle/particle2.JPG,datasets/calibration/dataset/train/particle/particle2.JPG,train,particle,particle2.JPG,32922,f217c0e1bfe7425df618cc5facf52cf6b89cb092767abfae5e3d5b597390e726,464,455,RGB,valid,,False
D:/Quantization embedded/datasets/calibration/dataset/train/particle/particle20.png,datasets/calibration/dataset/train/particle/particle20.png,train,particle,particle20.png,34318,30db5dc791e7c37c97b29b0a0c93de66d1d55c1aa1101c0c33b2cf6e71e594b3,256,256,L,valid,,True
D:/Quantization embedded/datasets/calibration/dataset/train/particle/particle21.png,datasets/calibration/dataset/train/particle/particle21.png,train,particle,particle21.png,41447,0d460a443b9ff11b6d82e1acb4272101df2f34b10943b763a9a5682c79590448,256,256,L,valid,,True
D:/Quantization embedded/datasets/calibration/dataset/train/particle/particle24.png,datasets/calibration/dataset/train/particle/particle24.png,train,particle,particle24.png,33882,b4c09f07457fb18118c947060943a296e013ac230efb85bd487e58840e960c48,256,256,L,valid,,False
D:/Quantization embedded/datasets/calibration/dataset/train/particle/particle28.png,datasets/calibration/dataset/train/particle/particle28.png,train,particle,particle28.png,41221,3ebe541f351268801f95c1b3aa683208bb987722b704abe0435a8ee678662910,256,256,L,valid,,True
D:/Quantization embedded/datasets/calibration/dataset/train/particle/particle3.JPG,datasets/calibration/dataset/train/particle/particle3.JPG,train,particle,particle3.JPG,6438,60269adb40ec7ec540bc4f38003078329779f9a38717a1f160b868b57e576311,136,142,RGB,valid,,False
D:/Quantization embedded/datasets/calibration/dataset/train/particle/particle30.png,datasets/calibration/dataset/train/particle/particle30.png,train,particle,particle30.png,33963,a695709c487cdd3c3794a82a4284c3652c52e542f82a9c7836b41f2e484bdacc,256,256,L,valid,,False
D:/Quantization embedded/datasets/calibration/dataset/train/particle/particle31.png,datasets/calibration/dataset/train/particle/particle31.png,train,particle,particle31.png,52438,c4bccb51db1369f72b110a8ccc53173e10cfaf837d39c9c208c6fbd752f675a9,256,256,L,valid,,True
D:/Quantization embedded/datasets/calibration/dataset/train/particle/particle32.png,datasets/calibration/dataset/train/particle/particle32.png,train,particle,particle32.png,41853,37f60a22b4b8feea6990400d9dff22f77cb407ed019988577e461772faec923e,256,256,L,valid,,False
D:/Quantization embedded/datasets/calibration/dataset/train/particle/particle33.png,datasets/calibration/dataset/train/particle/particle33.png,train,particle,particle33.png,42335,af7e6ce9b0d5464a466fdcf2dbafdbc22d8bc0fb6d1e8888ae3e5391b6ffd955,256,256,L,valid,,False
D:/Quantization embedded/datasets/calibration/dataset/train/particle/particle34.png,datasets/calibration/dataset/train/particle/particle34.png,train,particle,particle34.png,41597,564e8e3bd38811493cd1cfd7e2f807653a825bc47730a644c349539321b71e25,256,256,L,valid,,False
D:/Quantization embedded/datasets/calibration/dataset/train/particle/particle36.png,datasets/calibration/dataset/train/particle/particle36.png,train,particle,particle36.png,39358,917ae41c2fb2391f6f5508760e02e03430a2c14f880ce44a3d891dd2a17bdcb0,256,256,L,valid,,False
D:/Quantization embedded/datasets/calibration/dataset/train/particle/particle38.png,datasets/calibration/dataset/train/particle/particle38.png,train,particle,particle38.png,42522,980b9c1fba804034a7e41ad7ca53d7817547844cdf9173f9fcf8d808a50f196f,256,256,L,valid,,False
D:/Quantization embedded/datasets/calibration/dataset/train/particle/particle39.png,datasets/calibration/dataset/train/particle/particle39.png,train,particle,particle39.png,42408,fd8834e6991e745b8b4586fb91328b8d3f65ef9353d2e86211cbfbcbe01c131d,256,256,L,valid,,True
D:/Quantization embedded/datasets/calibration/dataset/train/particle/particle41.png,datasets/calibration/dataset/train/particle/particle41.png,train,particle,particle41.png,42099,fc675868ded0c5e4c7e4c4cd3041a68bc454d017a65aa5f1204f67fb3902146e,256,256,L,valid,,True
D:/Quantization embedded/datasets/calibration/dataset/train/particle/particle42.png,datasets/calibration/dataset/train/particle/particle42.png,train,particle,particle42.png,36686,b80c82343f3c29cc842a0f4c67210d12790298d903efc1dad2f8cf439907594d,256,256,L,valid,,False
D:/Quantization embedded/datasets/calibration/dataset/train/particle/particle43.png,datasets/calibration/dataset/train/particle/particle43.png,train,particle,particle43.png,41279,9b058f0b76a1ef349218627d532ded8d889c3c2d54fe13c0cd50a843e563dd68,256,256,L,valid,,False
D:/Quantization embedded/datasets/calibration/dataset/train/particle/particle44.png,datasets/calibration/dataset/train/particle/particle44.png,train,particle,particle44.png,52770,dfa0de9c6c02cba113b9147eeb8234a81d04a8d7e83833f5d934abf464d63b7a,256,256,L,valid,,False
D:/Quantization embedded/datasets/calibration/dataset/train/particle/particle45.png,datasets/calibration/dataset/train/particle/particle45.png,train,particle,particle45.png,51983,19aedbb09a8872bb79443565ac78378ba944b1635c32995ed053e48c993d2178,256,256,L,valid,,False
D:/Quantization embedded/datasets/calibration/dataset/train/particle/particle46.png,datasets/calibration/dataset/train/particle/particle46.png,train,particle,particle46.png,33953,dafec68b9c7fbee7b2f409ace5bc1218a085428400697f49186fd804209311ce,256,256,L,valid,,False
D:/Quantization embedded/datasets/calibration/dataset/train/particle/particle49.png,datasets/calibration/dataset/train/particle/particle49.png,train,particle,particle49.png,52222,c63484432ac6b8423a328b11a607011d35388920c81df5f9bf358d0f0260081b,256,256,L,valid,,False
D:/Quantization embedded/datasets/calibration/dataset/train/particle/particle5.PNG,datasets/calibration/dataset/train/particle/particle5.PNG,train,particle,particle5.PNG,39771,2191d6b0dc67baea254eedade2058bc0a5e15cd8b65cb836f58b4ec6a87bc670,163,167,RGBA,valid,,True
D:/Quantization embedded/datasets/calibration/dataset/train/particle/particle50.png,datasets/calibration/dataset/train/particle/particle50.png,train,particle,particle50.png,34071,fcc3e58ff206e52d3c871774425b0ce152e229fda33b366a54f9e234b5620dee,256,256,L,valid,,False
D:/Quantization embedded/datasets/calibration/dataset/train/particle/particle52.png,datasets/calibration/dataset/train/particle/particle52.png,train,particle,particle52.png,42295,812fc8520867084ee522e54c235d86563400d44517651abc1fe9ef0ab10751f3,256,256,L,valid,,False
D:/Quantization embedded/datasets/calibration/dataset/train/particle/particle54.png,datasets/calibration/dataset/train/particle/particle54.png,train,particle,particle54.png,33947,799305bb8d92344b8e20a72019e2c671f9a84c5c9fbde6f15e91d7d3248d5326,256,256,L,valid,,False
D:/Quantization embedded/datasets/calibration/dataset/train/particle/particle57.png,datasets/calibration/dataset/train/particle/particle57.png,train,particle,particle57.png,37798,6fd76fc5bedf9a3c0f5f825e1538343c0b35e3e7aaf35e25aa001a972d9390cc,256,256,L,valid,,False
D:/Quantization embedded/datasets/calibration/dataset/train/particle/particle58.png,datasets/calibration/dataset/train/particle/particle58.png,train,particle,particle58.png,39468,cbb75a90da598edfc2d86b5da780f7c6827aa70fb4993e8191ed19a8f6222055,256,256,L,valid,,True
D:/Quantization embedded/datasets/calibration/dataset/train/particle/particle59.png,datasets/calibration/dataset/train/particle/particle59.png,train,particle,particle59.png,42653,9cc9e656eb9d4c06c96bac98355ae03379a0bc2ea1773ad94cedada80171a216,256,256,L,valid,,True
D:/Quantization embedded/datasets/calibration/dataset/train/particle/particle6.PNG,datasets/calibration/dataset/train/particle/particle6.PNG,train,particle,particle6.PNG,26823,52f07fe6c6f69949e90172cb6783b825065e6088933b8572b0b19b8105a3da05,169,166,RGBA,valid,,True
D:/Quantization embedded/datasets/calibration/dataset/train/particle/particle60.png,datasets/calibration/dataset/train/particle/particle60.png,train,particle,particle60.png,34831,bd51d901679c5c0f07fd7e51522fae85fe1c6a691387eac5d2c3c5329d606e14,256,256,L,valid,,False
D:/Quantization embedded/datasets/calibration/dataset/train/particle/particle61.png,datasets/calibration/dataset/train/particle/particle61.png,train,particle,particle61.png,41826,b79cc0bad0090c19c66dab5adc0fc3eb6c2c60d04a0f313772e290901844af85,256,256,L,valid,,False
D:/Quantization embedded/datasets/calibration/dataset/train/particle/particle64.png,datasets/calibration/dataset/train/particle/particle64.png,train,particle,particle64.png,34282,72ec89415cf948ecf37d8d34608cca72d5df120756490280459bf34b18d427fa,256,256,L,valid,,False
D:/Quantization embedded/datasets/calibration/dataset/train/particle/particle65.png,datasets/calibration/dataset/train/particle/particle65.png,train,particle,particle65.png,42871,88e1f2d0149f470dbc678f663baf782fb31d1f6d8fad848dcb8070c0ed8fb077,256,256,L,valid,,False
D:/Quantization embedded/datasets/calibration/dataset/train/particle/particle66.png,datasets/calibration/dataset/train/particle/particle66.png,train,particle,particle66.png,45035,dab958a60291593b6791cf954d3982c705a9ac8b4be5a9ef001ca7a8cf35468e,256,256,L,valid,,True
D:/Quantization embedded/datasets/calibration/dataset/train/particle/particle67.png,datasets/calibration/dataset/train/particle/particle67.png,train,particle,particle67.png,53809,dc193a32de7845731b5831a890fab5fb65a617c9af7c1d2a11718a0666e9ce39,256,256,L,valid,,False
D:/Quantization embedded/datasets/calibration/dataset/train/particle/particle69.png,datasets/calibration/dataset/train/particle/particle69.png,train,particle,particle69.png,51659,9c0563d0a54e869d620fd6fb716eae9199d5b3493ba444adbbdd682dd2e0ed14,256,256,L,valid,,False
D:/Quantization embedded/datasets/calibration/dataset/train/particle/particle7.PNG,datasets/calibration/dataset/train/particle/particle7.PNG,train,particle,particle7.PNG,36015,239551df48a3d2e9562096cfef0f4c717b4bc0d8016e480128d83a8985ed1602,331,305,RGBA,valid,,False
D:/Quantization embedded/datasets/calibration/dataset/train/particle/particle70.png,datasets/calibration/dataset/train/particle/particle70.png,train,particle,particle70.png,42083,fea0d46bda443e0c5a56eda4553cf1cf6913df4b7244071315e05019341b39d1,256,256,L,valid,,False
D:/Quantization embedded/datasets/calibration/dataset/train/particle/particle71.png,datasets/calibration/dataset/train/particle/particle71.png,train,particle,particle71.png,36120,fa04861c6cf3db88fab36e0fb605220d878d512f2ceeef0ea64e191db565449c,256,256,L,valid,,False
D:/Quantization embedded/datasets/calibration/dataset/train/particle/particle72.png,datasets/calibration/dataset/train/particle/particle72.png,train,particle,particle72.png,41141,68c4840b54b2a5e8d60d7afde1499ec7fbec7f8265d0345cca2c18c0a12d5fd6,256,256,L,valid,,False
D:/Quantization embedded/datasets/calibration/dataset/train/particle/particle73.png,datasets/calibration/dataset/train/particle/particle73.png,train,particle,particle73.png,45371,fa619387bf363e20a329e8e4bf4655fac47ad7caf20d35220b79836abbfac0d2,256,256,L,valid,,False
D:/Quantization embedded/datasets/calibration/dataset/train/particle/particle74.png,datasets/calibration/dataset/train/particle/particle74.png,train,particle,particle74.png,34496,4968dd49c3c33e9cb757964133d4645486dbac3b005aea9abd50014633f0a798,256,256,L,valid,,False
D:/Quantization embedded/datasets/calibration/dataset/train/particle/particle76.png,datasets/calibration/dataset/train/particle/particle76.png,train,particle,particle76.png,41656,2b140324c4a93a9c6fba2e8bfcabfc47e92338e6d73ca5040aecc4a7c77780f6,256,256,L,valid,,True
D:/Quantization embedded/datasets/calibration/dataset/train/particle/particle77.png,datasets/calibration/dataset/train/particle/particle77.png,train,particle,particle77.png,43291,3d7cee960c9eb31fe9c76b0b5c2dae064736f0e97f4e57eb468a3f4f044e02f7,256,256,L,valid,,False
D:/Quantization embedded/datasets/calibration/dataset/train/particle/particle78.png,datasets/calibration/dataset/train/particle/particle78.png,train,particle,particle78.png,51653,ebe17cffd29f63b5bae992a610685410a684d94832ebd99d171f5b9adf9c0507,256,256,L,valid,,True
D:/Quantization embedded/datasets/calibration/dataset/train/particle/particle79.png,datasets/calibration/dataset/train/particle/particle79.png,train,particle,particle79.png,41635,5ae473f4e1ce71edf00c9c78344c086a822c6a1ccce6dfbe64938814934cef32,256,256,L,valid,,False
D:/Quantization embedded/datasets/calibration/dataset/train/particle/particle8.PNG,datasets/calibration/dataset/train/particle/particle8.PNG,train,particle,particle8.PNG,136251,4f46a0320bfa58088bb5c4218ad7a153409c0b561319be52917d5534f73bf540,353,284,RGBA,valid,,False
D:/Quantization embedded/datasets/calibration/dataset/train/particle/particle80.png,datasets/calibration/dataset/train/particle/particle80.png,train,particle,particle80.png,34378,2dae886f3071fcd4921742a0c5c6cb3c6eaba957bd247a1eab5b99f0e68aeca3,256,256,L,valid,,False
D:/Quantization embedded/datasets/calibration/dataset/train/particle/particle81.png,datasets/calibration/dataset/train/particle/particle81.png,train,particle,particle81.png,35515,68c555b3341921855b2ea90522a5041a42ffb137450b43dba550997b576c1d64,256,256,L,valid,,False
D:/Quantization embedded/datasets/calibration/dataset/train/particle/particle82.png,datasets/calibration/dataset/train/particle/particle82.png,train,particle,particle82.png,43354,34d5fd69afb00940a619bba132ad96db7610640596fda76d2c1df9c550620aa0,256,256,L,valid,,True
D:/Quantization embedded/datasets/calibration/dataset/train/particle/particle83.png,datasets/calibration/dataset/train/particle/particle83.png,train,particle,particle83.png,41459,0226ed046f71318fa9099bb3a53de9216513da3d4f18a5323b601a9f97c1953a,256,256,L,valid,,False
D:/Quantization embedded/datasets/calibration/dataset/train/particle/particle84.png,datasets/calibration/dataset/train/particle/particle84.png,train,particle,particle84.png,39815,a58987a0ac5df6d493b51ed009c5d51405973586c80d657f1d72d750c42444ba,256,256,L,valid,,False
D:/Quantization embedded/datasets/calibration/dataset/train/particle/particle85.png,datasets/calibration/dataset/train/particle/particle85.png,train,particle,particle85.png,36584,0cf21c8eca12d90d75bb72eb1be1cf5ff823214723c93ea922bcc083587f9f95,256,256,L,valid,,False
D:/Quantization embedded/datasets/calibration/dataset/train/particle/particle87.png,datasets/calibration/dataset/train/particle/particle87.png,train,particle,particle87.png,52552,1bc3507717e608aa24dcb015f2e873fd601515293c9847edd018a5df3f6fa055,256,256,L,valid,,True
D:/Quantization embedded/datasets/calibration/dataset/train/particle/particle88.png,datasets/calibration/dataset/train/particle/particle88.png,train,particle,particle88.png,55634,b81578163effb39ee8949a92dac49a52796d323ca6d7841069c6c5c8f4ffae0a,256,256,L,valid,,False
D:/Quantization embedded/datasets/calibration/dataset/train/particle/particle89.png,datasets/calibration/dataset/train/particle/particle89.png,train,particle,particle89.png,36371,e6252574cc67e74a6506eb5f636326e8c69db3f067e67be7dfe2a4471abf41e1,256,256,L,valid,,False
D:/Quantization embedded/datasets/calibration/dataset/train/particle/particle90.png,datasets/calibration/dataset/train/particle/particle90.png,train,particle,particle90.png,42774,2460a108ec293e6b1f614e6c0e50b832f61e601e00d03babf1f0d49ca65cfb5c,256,256,L,valid,,False
D:/Quantization embedded/datasets/calibration/dataset/train/particle/particle92.png,datasets/calibration/dataset/train/particle/particle92.png,train,particle,particle92.png,43441,6fd9eb63ac9780d4f788d77f8dd5b59113af6c7836e95be95e2bb6c07a7cbd80,256,256,L,valid,,False
D:/Quantization embedded/datasets/calibration/dataset/train/particle/particle93.png,datasets/calibration/dataset/train/particle/particle93.png,train,particle,particle93.png,34137,c3c9de46f7f89549607c97c6bf4fa99b1f96581621c6a4aebaed8c29e10453fd,256,256,L,valid,,False
D:/Quantization embedded/datasets/calibration/dataset/train/particle/particle95.png,datasets/calibration/dataset/train/particle/particle95.png,train,particle,particle95.png,52667,bbd7cc0e32f72eb00f0122d2551fdf89e8bf17b177a334d5354ef14ef4b84a57,256,256,L,valid,,False
D:/Quantization embedded/datasets/calibration/dataset/train/particle/particle97.png,datasets/calibration/dataset/train/particle/particle97.png,train,particle,particle97.png,43249,2805517efae6e145c29a298786ac00021b56c4ed535e877639d71a3e0649873e,256,256,L,valid,,True
D:/Quantization embedded/datasets/calibration/dataset/train/particle/particle98.png,datasets/calibration/dataset/train/particle/particle98.png,train,particle,particle98.png,43106,8d45300689e41078f7aec78a84c93901e87f07fcc6b698d0e6cb1197d4ea2d2b,256,256,L,valid,,False
D:/Quantization embedded/datasets/calibration/dataset/train/scratch/scratch1.png,datasets/calibration/dataset/train/scratch/scratch1.png,train,scratch,scratch1.png,34533,6eedbec0dd480fc7f161409c7a4057f5a81492ced7ea67dd4300f850f802f082,256,256,L,valid,,True
D:/Quantization embedded/datasets/calibration/dataset/train/scratch/scratch10.png,datasets/calibration/dataset/train/scratch/scratch10.png,train,scratch,scratch10.png,38071,4d16b83943edba103b81cd02760a5498163e49a66b8745ea6db270bf6e9e49c7,256,256,L,valid,,False
D:/Quantization embedded/datasets/calibration/dataset/train/scratch/scratch100.png,datasets/calibration/dataset/train/scratch/scratch100.png,train,scratch,scratch100.png,16965,bfdbfdfe691e3644cd0611a1bfbb9855f41e7fd87355574e77e8dabba8c737f3,256,256,L,valid,,False
D:/Quantization embedded/datasets/calibration/dataset/train/scratch/scratch101.png,datasets/calibration/dataset/train/scratch/scratch101.png,train,scratch,scratch101.png,50337,c1c4295ea244ed3c81fd1c1c1d19597ab034b1707f52d983b90b1923b263c4da,256,256,L,valid,,False
D:/Quantization embedded/datasets/calibration/dataset/train/scratch/scratch105.png,datasets/calibration/dataset/train/scratch/scratch105.png,train,scratch,scratch105.png,32785,700f466e5c3cf64e38165ecd95865611ea890051a2d7aa166e2dd8bfee2ee502,256,256,L,valid,,False
D:/Quantization embedded/datasets/calibration/dataset/train/scratch/scratch107.png,datasets/calibration/dataset/train/scratch/scratch107.png,train,scratch,scratch107.png,32902,a796a10dfec0bca8e51050c41b0fcdc6586b419aef3acc232d094448b56c4bdc,256,256,L,valid,,False
D:/Quantization embedded/datasets/calibration/dataset/train/scratch/scratch108.png,datasets/calibration/dataset/train/scratch/scratch108.png,train,scratch,scratch108.png,29587,de701863455d2940d85bd4d9af5f2c2e5628d6880adb42fcf64de480aa4db76d,256,256,L,valid,,False
D:/Quantization embedded/datasets/calibration/dataset/train/scratch/scratch110.png,datasets/calibration/dataset/train/scratch/scratch110.png,train,scratch,scratch110.png,29408,30d274b36c0802ca378645f43e06d9ff1d3effb7c9e8be7c9a2f07701fbef128,256,256,L,valid,,False
D:/Quantization embedded/datasets/calibration/dataset/train/scratch/scratch111.png,datasets/calibration/dataset/train/scratch/scratch111.png,train,scratch,scratch111.png,15233,f472433944cfe3b287f9e9505765a83a0fbf0ee10018318de264472745d57eea,256,256,L,valid,,False
D:/Quantization embedded/datasets/calibration/dataset/train/scratch/scratch112.png,datasets/calibration/dataset/train/scratch/scratch112.png,train,scratch,scratch112.png,35772,bdd1191af3ada98dc10a7ad146e205141cbdf9e1ac96d928071e2eb22c3df16b,256,256,L,valid,,False
D:/Quantization embedded/datasets/calibration/dataset/train/scratch/scratch113.png,datasets/calibration/dataset/train/scratch/scratch113.png,train,scratch,scratch113.png,34089,a2746f888f30b0f7c94431f0cfdf87826d79cc96c9a562b5b660915663a85696,256,256,L,valid,,False
D:/Quantization embedded/datasets/calibration/dataset/train/scratch/scratch114.png,datasets/calibration/dataset/train/scratch/scratch114.png,train,scratch,scratch114.png,17316,69c30e415907b3b5f2d379b4fe792801465ae4d970418d0cfa1924c371013576,256,256,L,valid,,False
D:/Quantization embedded/datasets/calibration/dataset/train/scratch/scratch115.png,datasets/calibration/dataset/train/scratch/scratch115.png,train,scratch,scratch115.png,15217,f032dbda9c4ce5e2379e52258d75f62e64cb99386bd698bad34501fdffedc5f4,256,256,L,valid,,False
D:/Quantization embedded/datasets/calibration/dataset/train/scratch/scratch116.png,datasets/calibration/dataset/train/scratch/scratch116.png,train,scratch,scratch116.png,49799,d91c86d266f0d4a7b8fbc98fe7b0fe2812d9b650327a05f7cc9fb9b24648b5d2,256,256,L,valid,,False
D:/Quantization embedded/datasets/calibration/dataset/train/scratch/scratch12.png,datasets/calibration/dataset/train/scratch/scratch12.png,train,scratch,scratch12.png,42967,1b7b75300a2ced4c0ede96c4f90c74862ba46d1c974075e78dd10fecd36de23a,256,256,L,valid,,False
D:/Quantization embedded/datasets/calibration/dataset/train/scratch/scratch121.png,datasets/calibration/dataset/train/scratch/scratch121.png,train,scratch,scratch121.png,14516,c7d31f948bd1fd2d8ebd531210e14fd6120d02e0946644336a91adec5aae8940,256,256,L,valid,,False
D:/Quantization embedded/datasets/calibration/dataset/train/scratch/scratch122.png,datasets/calibration/dataset/train/scratch/scratch122.png,train,scratch,scratch122.png,16185,77244f480112f1aac406f2a331ec190f1c35be6571ce1cda5f2936bdfab9f4c6,256,256,L,valid,,False
D:/Quantization embedded/datasets/calibration/dataset/train/scratch/scratch123.png,datasets/calibration/dataset/train/scratch/scratch123.png,train,scratch,scratch123.png,32667,d53f49f14cde26442030e315bd9895c8ce6836c0cca561a9b36f843c3164bce6,256,256,L,valid,,False
D:/Quantization embedded/datasets/calibration/dataset/train/scratch/scratch125.png,datasets/calibration/dataset/train/scratch/scratch125.png,train,scratch,scratch125.png,42891,5e5a443929feb45fd7aff37eeda7fa212d5046784e1ffa59071b2b5861f21acd,256,256,L,valid,,True
D:/Quantization embedded/datasets/calibration/dataset/train/scratch/scratch126.png,datasets/calibration/dataset/train/scratch/scratch126.png,train,scratch,scratch126.png,32600,fc40fa734cafd1cf763a4541671c48b2650cd8efd9a390b058e2c84a21f889b7,256,256,L,valid,,False
D:/Quantization embedded/datasets/calibration/dataset/train/scratch/scratch127.png,datasets/calibration/dataset/train/scratch/scratch127.png,train,scratch,scratch127.png,43075,43f6d3cb5443e52260ec36b455bd7c4c955948e9eb758bc00ba1a375d6593d95,256,256,L,valid,,True
D:/Quantization embedded/datasets/calibration/dataset/train/scratch/scratch128.png,datasets/calibration/dataset/train/scratch/scratch128.png,train,scratch,scratch128.png,35824,744835625102af3392981f619075697e3265b1c9894f0793c8c90db9774fd8e9,256,256,L,valid,,False
D:/Quantization embedded/datasets/calibration/dataset/train/scratch/scratch129.png,datasets/calibration/dataset/train/scratch/scratch129.png,train,scratch,scratch129.png,42862,0e298bfdb64567d5f3bccde5a6d4cd1408fcb494b2744ca4cac5e774450c7e20,256,256,L,valid,,False
D:/Quantization embedded/datasets/calibration/dataset/train/scratch/scratch13.png,datasets/calibration/dataset/train/scratch/scratch13.png,train,scratch,scratch13.png,44500,21fdb9893e951970abdfde6aec355236e983bd64f4d2dc09d03b98d9860c6d75,256,256,L,valid,,False
D:/Quantization embedded/datasets/calibration/dataset/train/scratch/scratch131.png,datasets/calibration/dataset/train/scratch/scratch131.png,train,scratch,scratch131.png,42956,e1039b2dafa5f802207e5c599fac52d45c33dfdaeead7aea0267436e001f1714,256,256,L,valid,,False
D:/Quantization embedded/datasets/calibration/dataset/train/scratch/scratch132.png,datasets/calibration/dataset/train/scratch/scratch132.png,train,scratch,scratch132.png,32736,9fc249e2611e6647167e8e6dc01eab59379c4cbe71f96b6c992bfb55c84cec3a,256,256,L,valid,,True
D:/Quantization embedded/datasets/calibration/dataset/train/scratch/scratch133.png,datasets/calibration/dataset/train/scratch/scratch133.png,train,scratch,scratch133.png,32661,eb56158849f4279138889accf3046a518d309d0541f56d68fc7b0de015a74285,256,256,L,valid,,False
D:/Quantization embedded/datasets/calibration/dataset/train/scratch/scratch134.png,datasets/calibration/dataset/train/scratch/scratch134.png,train,scratch,scratch134.png,29507,224a300fbfceb36e02deba6b0aaefe2d6dcc67aaae6476aa09d451b06ee926a3,256,256,L,valid,,False
D:/Quantization embedded/datasets/calibration/dataset/train/scratch/scratch135.png,datasets/calibration/dataset/train/scratch/scratch135.png,train,scratch,scratch135.png,18373,a28325eb768e7c6191579e09b19ea6c09e9574aa42c5d164b77e6c50c948f547,256,256,L,valid,,False
D:/Quantization embedded/datasets/calibration/dataset/train/scratch/scratch136.png,datasets/calibration/dataset/train/scratch/scratch136.png,train,scratch,scratch136.png,35787,6222f1183e43865b19f8a873ba9a020e31b90d6425ce17936e3ffd64dd102363,256,256,L,valid,,True
D:/Quantization embedded/datasets/calibration/dataset/train/scratch/scratch137.png,datasets/calibration/dataset/train/scratch/scratch137.png,train,scratch,scratch137.png,14615,c40f4d14f6457574ed0e4d29ad0b4f6cf35254be83aa982363a998a524b65ce7,256,256,L,valid,,False
D:/Quantization embedded/datasets/calibration/dataset/train/scratch/scratch138.png,datasets/calibration/dataset/train/scratch/scratch138.png,train,scratch,scratch138.png,34257,0506b1a924461fc8106678b28936760908a9075eb4d5303f064beeeb913b7fcc,256,256,L,valid,,True
D:/Quantization embedded/datasets/calibration/dataset/train/scratch/scratch139.png,datasets/calibration/dataset/train/scratch/scratch139.png,train,scratch,scratch139.png,29611,66d232e46ff3dea2694319a6abbc2ea4a729c35515b2bdd05ec548a28449a617,256,256,L,valid,,True
D:/Quantization embedded/datasets/calibration/dataset/train/scratch/scratch14.png,datasets/calibration/dataset/train/scratch/scratch14.png,train,scratch,scratch14.png,41018,2e524f0332081cf31b79530fb42574e61109ea84c3fcd14dfe609a276c227887,256,256,L,valid,,False
D:/Quantization embedded/datasets/calibration/dataset/train/scratch/scratch141.png,datasets/calibration/dataset/train/scratch/scratch141.png,train,scratch,scratch141.png,17456,253830da99f70ef350dd21c7c7a74e7af53323383e91bfe11eda26588730a3cc,256,256,L,valid,,False
D:/Quantization embedded/datasets/calibration/dataset/train/scratch/scratch142.png,datasets/calibration/dataset/train/scratch/scratch142.png,train,scratch,scratch142.png,32719,b6b7aed1924e64be80ee42ba4a9466c70f325d378647a431d5d8321fe3eacfd2,256,256,L,valid,,True
D:/Quantization embedded/datasets/calibration/dataset/train/scratch/scratch143.png,datasets/calibration/dataset/train/scratch/scratch143.png,train,scratch,scratch143.png,39829,84a7fbb5a42711070652371afd3d9f9625bbb2e0ba09648e574d917e063532ea,256,256,L,valid,,True
D:/Quantization embedded/datasets/calibration/dataset/train/scratch/scratch144.png,datasets/calibration/dataset/train/scratch/scratch144.png,train,scratch,scratch144.png,34540,95e743a0913aac654d80ace0f659ecb988742f4137844f9a6800874acbee6abf,256,256,L,valid,,True
D:/Quantization embedded/datasets/calibration/dataset/train/scratch/scratch145.png,datasets/calibration/dataset/train/scratch/scratch145.png,train,scratch,scratch145.png,41043,fe75b20b9e4e86bfc068fa1e9653c5b5c73993e51eaeb990f12356c48dbe38e0,256,256,L,valid,,False
D:/Quantization embedded/datasets/calibration/dataset/train/scratch/scratch147.png,datasets/calibration/dataset/train/scratch/scratch147.png,train,scratch,scratch147.png,16778,7f6a1295c59d4369d016ee239c096b658b8bd164d8eb69b9634c9d4ae34c7e95,256,256,L,valid,,False
D:/Quantization embedded/datasets/calibration/dataset/train/scratch/scratch148.png,datasets/calibration/dataset/train/scratch/scratch148.png,train,scratch,scratch148.png,41008,033717d613d0a6a8711da902703bde2f014d3cdf3f4061e71d2926363486612f,256,256,L,valid,,False
D:/Quantization embedded/datasets/calibration/dataset/train/scratch/scratch149.png,datasets/calibration/dataset/train/scratch/scratch149.png,train,scratch,scratch149.png,40003,4b698fa1d941c796b9ffc44e1678b18f62b8abb6bd843171311c9384e5a3083d,256,256,L,valid,,False
D:/Quantization embedded/datasets/calibration/dataset/train/scratch/scratch15.png,datasets/calibration/dataset/train/scratch/scratch15.png,train,scratch,scratch15.png,17206,6f2b331786423c94a4bf4123012e2c973b0402a329093939fc75722c9973ec65,256,256,L,valid,,True
D:/Quantization embedded/datasets/calibration/dataset/train/scratch/scratch150.png,datasets/calibration/dataset/train/scratch/scratch150.png,train,scratch,scratch150.png,40133,41768b2d625daffabea67cdf7823b38b125cf049213061d4700bbd4abe90ef86,256,256,L,valid,,False
D:/Quantization embedded/datasets/calibration/dataset/train/scratch/scratch16.png,datasets/calibration/dataset/train/scratch/scratch16.png,train,scratch,scratch16.png,42955,1d1693362767dc01dec3ea35d82f6520c0074c7e0e45f8a21e8070b30de94baa,256,256,L,valid,,False
D:/Quantization embedded/datasets/calibration/dataset/train/scratch/scratch17.png,datasets/calibration/dataset/train/scratch/scratch17.png,train,scratch,scratch17.png,16131,cb2ecf95dc2eb56775d622b0a272fa2fead21f2c259e69bde16abf4396aebee2,256,256,L,valid,,False
D:/Quantization embedded/datasets/calibration/dataset/train/scratch/scratch18.png,datasets/calibration/dataset/train/scratch/scratch18.png,train,scratch,scratch18.png,29306,eade6bf0b304b5df1bf37a82c74fbad9c78cd8760dba3d15ec216a7e2ae8f355,256,256,L,valid,,False
D:/Quantization embedded/datasets/calibration/dataset/train/scratch/scratch2.png,datasets/calibration/dataset/train/scratch/scratch2.png,train,scratch,scratch2.png,39851,7105e1e70310b51b57ea6e08028ba5a5f3726315d59d57dc1b6571477d9c98e7,256,256,L,valid,,False
D:/Quantization embedded/datasets/calibration/dataset/train/scratch/scratch20.png,datasets/calibration/dataset/train/scratch/scratch20.png,train,scratch,scratch20.png,32782,749f1c9cf6d0ae590d3e45c27ecbd8362ab68a308413f0faba1a25c67038cd24,256,256,L,valid,,False
D:/Quantization embedded/datasets/calibration/dataset/train/scratch/scratch21.png,datasets/calibration/dataset/train/scratch/scratch21.png,train,scratch,scratch21.png,43358,1db22018f44de9136f7c2e678f8c3efbee64f0c9da47d86e5a85d668860c7810,256,256,L,valid,,False
D:/Quantization embedded/datasets/calibration/dataset/train/scratch/scratch23.png,datasets/calibration/dataset/train/scratch/scratch23.png,train,scratch,scratch23.png,35945,00da9deb825a780493f75b69ab22a712891a4337f3414cefc1c4fb6f9f818fd7,256,256,L,valid,,False
D:/Quantization embedded/datasets/calibration/dataset/train/scratch/scratch24.png,datasets/calibration/dataset/train/scratch/scratch24.png,train,scratch,scratch24.png,29192,fa4733ff3f4c7747e06f566b41394e9158942c3d8cf151c01d34cdba3af48457,256,256,L,valid,,False
D:/Quantization embedded/datasets/calibration/dataset/train/scratch/scratch25.png,datasets/calibration/dataset/train/scratch/scratch25.png,train,scratch,scratch25.png,38095,8effa19b518e778726ead4e806548bfd6228cc889729fab0a930ed786b9e0378,256,256,L,valid,,False
D:/Quantization embedded/datasets/calibration/dataset/train/scratch/scratch26.png,datasets/calibration/dataset/train/scratch/scratch26.png,train,scratch,scratch26.png,50446,0815f2970ea113ef14661ee472ffa18427436e0b406f193e4ef3e41e5fe911d0,256,256,L,valid,,False
D:/Quantization embedded/datasets/calibration/dataset/train/scratch/scratch3.png,datasets/calibration/dataset/train/scratch/scratch3.png,train,scratch,scratch3.png,32629,7b55baa6d0e66a24548ed68c6dd774e612c2421bf16a9c608952fd4aefe5728c,256,256,L,valid,,False
D:/Quantization embedded/datasets/calibration/dataset/train/scratch/scratch31.png,datasets/calibration/dataset/train/scratch/scratch31.png,train,scratch,scratch31.png,44553,e9f262711ce2e94f790112dcdbe853a5b3fdfd36d3037354f0aee3651b0a5460,256,256,L,valid,,False
D:/Quantization embedded/datasets/calibration/dataset/train/scratch/scratch33.png,datasets/calibration/dataset/train/scratch/scratch33.png,train,scratch,scratch33.png,49734,5d3be0812a55c9d8d5f376b74b81eee2f9ac0d24de82fdbf07cdca93cf7b6892,256,256,L,valid,,False
D:/Quantization embedded/datasets/calibration/dataset/train/scratch/scratch34.png,datasets/calibration/dataset/train/scratch/scratch34.png,train,scratch,scratch34.png,29164,c1ab3889f7a08e11ff2e2618aa6ca05702cb93b7246c07c0a6083d168e25693b,256,256,L,valid,,False
D:/Quantization embedded/datasets/calibration/dataset/train/scratch/scratch35.png,datasets/calibration/dataset/train/scratch/scratch35.png,train,scratch,scratch35.png,39957,254e6f56f612d04b38ab2b68b1bfbc2c6823787b455bf003fa87edeffa4448a8,256,256,L,valid,,False
D:/Quantization embedded/datasets/calibration/dataset/train/scratch/scratch36.png,datasets/calibration/dataset/train/scratch/scratch36.png,train,scratch,scratch36.png,43424,f504cff4d7c267a2f3e55debc5383dac45f7947483812ba80a4ad5afd09409c6,256,256,L,valid,,False
D:/Quantization embedded/datasets/calibration/dataset/train/scratch/scratch38.png,datasets/calibration/dataset/train/scratch/scratch38.png,train,scratch,scratch38.png,44563,8b7e292aebe7995debe8e01e4e2abbbfe2be8ffd7144a05c849175a2355de353,256,256,L,valid,,False
D:/Quantization embedded/datasets/calibration/dataset/train/scratch/scratch4.jpeg,datasets/calibration/dataset/train/scratch/scratch4.jpeg,train,scratch,scratch4.jpeg,12009,929eff3958628688ca376a20ab9316967bb596cc84e3ee9fcd6dafd7f32949ef,258,203,RGB,valid,,False
D:/Quantization embedded/datasets/calibration/dataset/train/scratch/scratch4.png,datasets/calibration/dataset/train/scratch/scratch4.png,train,scratch,scratch4.png,44505,6de86f8207bbb1e51b1c70bad9299331ece3bba3d4bd19df70fff00881d38c83,256,256,L,valid,,False
D:/Quantization embedded/datasets/calibration/dataset/train/scratch/scratch40.png,datasets/calibration/dataset/train/scratch/scratch40.png,train,scratch,scratch40.png,32630,cf3e1fb35fde70da4dc2677a89dd05835aab6b2c8ff4a764d72d35c3119ead68,256,256,L,valid,,False
D:/Quantization embedded/datasets/calibration/dataset/train/scratch/scratch41.png,datasets/calibration/dataset/train/scratch/scratch41.png,train,scratch,scratch41.png,32973,5801420164925b86cc9a8e665635464bd3723861468921a2fee3a5fda6a62eea,256,256,L,valid,,True
D:/Quantization embedded/datasets/calibration/dataset/train/scratch/scratch42.png,datasets/calibration/dataset/train/scratch/scratch42.png,train,scratch,scratch42.png,15606,cdc69b6b3b4e5d6234a41ea89e246b6c370196944c87e0ca15f75719a92e95d9,256,256,L,valid,,True
D:/Quantization embedded/datasets/calibration/dataset/train/scratch/scratch43.png,datasets/calibration/dataset/train/scratch/scratch43.png,train,scratch,scratch43.png,15050,05636bcff0af2a7d694eea6ad576df364291d93cbe71fb052b1685c0ccf055c8,256,256,L,valid,,False
D:/Quantization embedded/datasets/calibration/dataset/train/scratch/scratch45.png,datasets/calibration/dataset/train/scratch/scratch45.png,train,scratch,scratch45.png,50407,60d07fead3de191376a0765c529e9135339895ccedcac47a310ce86fcbe06da8,256,256,L,valid,,False
D:/Quantization embedded/datasets/calibration/dataset/train/scratch/scratch48.png,datasets/calibration/dataset/train/scratch/scratch48.png,train,scratch,scratch48.png,38224,347ae7d4c714762f7fb68e1358e396e004e13e9a10a6fe21fa80ed95565e71de,256,256,L,valid,,False
D:/Quantization embedded/datasets/calibration/dataset/train/scratch/scratch49.png,datasets/calibration/dataset/train/scratch/scratch49.png,train,scratch,scratch49.png,41096,9f3c9fb42f2ca5aec934f9daee8e921b3f64a9eaba5ca2eacb465ab59114a0fd,256,256,L,valid,,False
D:/Quantization embedded/datasets/calibration/dataset/train/scratch/scratch5.png,datasets/calibration/dataset/train/scratch/scratch5.png,train,scratch,scratch5.png,32618,f3c8993874cb7d13df8df83aeb907b46c8169aaf47062914656d21cd74182c64,256,256,L,valid,,True
D:/Quantization embedded/datasets/calibration/dataset/train/scratch/scratch50.png,datasets/calibration/dataset/train/scratch/scratch50.png,train,scratch,scratch50.png,35826,8bf1bab2c8a5299370bfd0898e0322380518a198745d3314795791c66ea4af0b,256,256,L,valid,,False
D:/Quantization embedded/datasets/calibration/dataset/train/scratch/scratch51.png,datasets/calibration/dataset/train/scratch/scratch51.png,train,scratch,scratch51.png,36030,ccf2d9da70264c859ad9e1a3ab596e6d8e918e1b40f5ed8606043ca69daa2dab,256,256,L,valid,,False
D:/Quantization embedded/datasets/calibration/dataset/train/scratch/scratch53.png,datasets/calibration/dataset/train/scratch/scratch53.png,train,scratch,scratch53.png,29476,92dbbd902d473309800d23083d9edb58b8ce998845583da925c3dfefad03aab6,256,256,L,valid,,True
D:/Quantization embedded/datasets/calibration/dataset/train/scratch/scratch54.png,datasets/calibration/dataset/train/scratch/scratch54.png,train,scratch,scratch54.png,34203,034b0ce2aa35749cf3edd0c0925b4140300fab26cce56a13395672bcb6f9fad9,256,256,L,valid,,True
D:/Quantization embedded/datasets/calibration/dataset/train/scratch/scratch56.png,datasets/calibration/dataset/train/scratch/scratch56.png,train,scratch,scratch56.png,44499,1bf99509c7694b824ca570b4fd68f365d99b2dc0ee2a5f7441313d6e05b28e13,256,256,L,valid,,False
D:/Quantization embedded/datasets/calibration/dataset/train/scratch/scratch58.png,datasets/calibration/dataset/train/scratch/scratch58.png,train,scratch,scratch58.png,42894,9435a44cf42656ec711a2e84e0d04fd1407c6bfdfc0338dd786033a16a5745b6,256,256,L,valid,,False
D:/Quantization embedded/datasets/calibration/dataset/train/scratch/scratch59.png,datasets/calibration/dataset/train/scratch/scratch59.png,train,scratch,scratch59.png,34077,0010d6f8c34f11c0d3217989b8303d3c258c05ba288de19430d3f7d10cef9043,256,256,L,valid,,False
D:/Quantization embedded/datasets/calibration/dataset/train/scratch/scratch6.png,datasets/calibration/dataset/train/scratch/scratch6.png,train,scratch,scratch6.png,41079,c1909eca7430d1b349e9d91e840a722fbc11f4132c3c358e1433052563110847,256,256,L,valid,,False
D:/Quantization embedded/datasets/calibration/dataset/train/scratch/scratch60.png,datasets/calibration/dataset/train/scratch/scratch60.png,train,scratch,scratch60.png,43295,759ff95b1bc7e622fbaa795f5d28bdab5d068ea1a9bc66acc7ac6f21a5e0dc2e,256,256,L,valid,,False
D:/Quantization embedded/datasets/calibration/dataset/train/scratch/scratch61.png,datasets/calibration/dataset/train/scratch/scratch61.png,train,scratch,scratch61.png,41056,ee808b23d77ccd30f5da35fa0202281ceae896000f33183cd58e2c87ed1d27a7,256,256,L,valid,,True
D:/Quantization embedded/datasets/calibration/dataset/train/scratch/scratch62.png,datasets/calibration/dataset/train/scratch/scratch62.png,train,scratch,scratch62.png,43371,002a95eb12df98dfefe8aec370733d41590638be030098541ef499d72230e6c4,256,256,L,valid,,False
D:/Quantization embedded/datasets/calibration/dataset/train/scratch/scratch64.png,datasets/calibration/dataset/train/scratch/scratch64.png,train,scratch,scratch64.png,38282,51787be51ff16d309d9409d1199ea37fb11d48435780b800cb08be3157d6852c,256,256,L,valid,,False
D:/Quantization embedded/datasets/calibration/dataset/train/scratch/scratch66.png,datasets/calibration/dataset/train/scratch/scratch66.png,train,scratch,scratch66.png,39921,4bbefcd286c068c08f8628b1034489eab5273fe15ecf628dba9435fc9a30c334,256,256,L,valid,,False
D:/Quantization embedded/datasets/calibration/dataset/train/scratch/scratch67.png,datasets/calibration/dataset/train/scratch/scratch67.png,train,scratch,scratch67.png,44585,a129036205d8e6f9a9078c111926497f0563cf3390f8647946f9ef5cba1f6ded,256,256,L,valid,,False
D:/Quantization embedded/datasets/calibration/dataset/train/scratch/scratch69.png,datasets/calibration/dataset/train/scratch/scratch69.png,train,scratch,scratch69.png,41042,bc8892717ecf0f3849c5511529eef0a8899b8ecb8290e9a1f66742b833024d12,256,256,L,valid,,False
D:/Quantization embedded/datasets/calibration/dataset/train/scratch/scratch7.png,datasets/calibration/dataset/train/scratch/scratch7.png,train,scratch,scratch7.png,17614,95a2a982a045e6838225fe09b583b253acdd6f15649394dfa39524ead0b68c09,256,256,L,valid,,False
D:/Quantization embedded/datasets/calibration/dataset/train/scratch/scratch72.png,datasets/calibration/dataset/train/scratch/scratch72.png,train,scratch,scratch72.png,49713,67d753d8c411dfea4ef733513d300122e6d6b79b6868b7b41d7f10f0475d9681,256,256,L,valid,,False
D:/Quantization embedded/datasets/calibration/dataset/train/scratch/scratch73.png,datasets/calibration/dataset/train/scratch/scratch73.png,train,scratch,scratch73.png,41048,b7f890c6148c5d788f062e05cc26262363a1218558c334a5f917d166cb7c05ec,256,256,L,valid,,True
D:/Quantization embedded/datasets/calibration/dataset/train/scratch/scratch74.png,datasets/calibration/dataset/train/scratch/scratch74.png,train,scratch,scratch74.png,32615,5835e638c1d2dca63d412a966d4fbab50e0d216dfa9867991ff882c45656220d,256,256,L,valid,,True
D:/Quantization embedded/datasets/calibration/dataset/train/scratch/scratch75.png,datasets/calibration/dataset/train/scratch/scratch75.png,train,scratch,scratch75.png,42877,ed40bef823aa75c18804d48114c5e326390d41c1504a75d6e0d6761fee2ec6f7,256,256,L,valid,,False
D:/Quantization embedded/datasets/calibration/dataset/train/scratch/scratch76.png,datasets/calibration/dataset/train/scratch/scratch76.png,train,scratch,scratch76.png,34225,260b1015943e0be079c9417a4227e78ba99d4cfa10e49af31f8f1a122de90262,256,256,L,valid,,True
D:/Quantization embedded/datasets/calibration/dataset/train/scratch/scratch77.png,datasets/calibration/dataset/train/scratch/scratch77.png,train,scratch,scratch77.png,44533,f00f079c00e5b511255193cbb6f85e21afc5ef6779333a88ef4b9f7fe1a821ac,256,256,L,valid,,True
D:/Quantization embedded/datasets/calibration/dataset/train/scratch/scratch79.png,datasets/calibration/dataset/train/scratch/scratch79.png,train,scratch,scratch79.png,50334,a2d6c79818597f36b0841e04ec34736200e592933afaa202c4e146e95b9e1d0c,256,256,L,valid,,False
D:/Quantization embedded/datasets/calibration/dataset/train/scratch/scratch81.png,datasets/calibration/dataset/train/scratch/scratch81.png,train,scratch,scratch81.png,43423,7481573805b56bac0a368b3cb7998880f01339bd286ca5918195616149758976,256,256,L,valid,,False
D:/Quantization embedded/datasets/calibration/dataset/train/scratch/scratch85.png,datasets/calibration/dataset/train/scratch/scratch85.png,train,scratch,scratch85.png,50451,c7c7c3b27b4c641ce32ac383ac81ee1ef795d9cd34c73456e4436a3f310bab12,256,256,L,valid,,False
D:/Quantization embedded/datasets/calibration/dataset/train/scratch/scratch86.png,datasets/calibration/dataset/train/scratch/scratch86.png,train,scratch,scratch86.png,50295,92a43d66a1ab9f4732b862a08aa984751a0a72a841617cca094480fa71540a8b,256,256,L,valid,,False
D:/Quantization embedded/datasets/calibration/dataset/train/scratch/scratch88.png,datasets/calibration/dataset/train/scratch/scratch88.png,train,scratch,scratch88.png,34134,b1bbc55fc152759428583f86b66abad7df32a49efdd104a9877f6f38109635a6,256,256,L,valid,,False
D:/Quantization embedded/datasets/calibration/dataset/train/scratch/scratch89.png,datasets/calibration/dataset/train/scratch/scratch89.png,train,scratch,scratch89.png,39806,6944be2bd87ef247a648edc211be09da30869ef882cbac32efabc4c7b6c752da,256,256,L,valid,,True
D:/Quantization embedded/datasets/calibration/dataset/train/scratch/scratch9.png,datasets/calibration/dataset/train/scratch/scratch9.png,train,scratch,scratch9.png,49686,8d4e6be1c011785863dcdb33fada90664ecd6ddc5a7eed64d5b67f75e857fc8a,256,256,L,valid,,True
D:/Quantization embedded/datasets/calibration/dataset/train/scratch/scratch90.png,datasets/calibration/dataset/train/scratch/scratch90.png,train,scratch,scratch90.png,32652,485bd06b0f42325d9b4ec1bad8ec972cddf4c4bd3485a1ac3424f00ee5a7b0e2,256,256,L,valid,,False
D:/Quantization embedded/datasets/calibration/dataset/train/scratch/scratch92.png,datasets/calibration/dataset/train/scratch/scratch92.png,train,scratch,scratch92.png,17186,a111cd0375874626c62fed05b1c23e50239dde5ac03bb0643739ae8869347631,256,256,L,valid,,False
D:/Quantization embedded/datasets/calibration/dataset/train/scratch/scratch94.png,datasets/calibration/dataset/train/scratch/scratch94.png,train,scratch,scratch94.png,41204,227646512f1233360707506d3582c3ae720bb1646e31468fff22a03ab3561027,256,256,L,valid,,False
D:/Quantization embedded/datasets/calibration/dataset/train/scratch/scratch96.png,datasets/calibration/dataset/train/scratch/scratch96.png,train,scratch,scratch96.png,33472,528f75b63d6ca0c2d19aed5d52293b5ec22940caba01778fe7c2e3c505c18c4e,256,256,L,valid,,False
D:/Quantization embedded/datasets/calibration/dataset/train/scratch/scratch97.png,datasets/calibration/dataset/train/scratch/scratch97.png,train,scratch,scratch97.png,34456,6290a3263d0bf5db50751f21f13e43475455c42864a76ba740360ad6cb650bd6,256,256,L,valid,,False
D:/Quantization embedded/datasets/calibration/dataset/train/scratch/scratch98.png,datasets/calibration/dataset/train/scratch/scratch98.png,train,scratch,scratch98.png,44631,85e7a705c5916a9a5921d9be39690d4baac8ff70a7ff65688121cbe379ccb875,256,256,L,valid,,True
D:/Quantization embedded/datasets/calibration/dataset/train/scratch/scratch99.png,datasets/calibration/dataset/train/scratch/scratch99.png,train,scratch,scratch99.png,49713,e6aa6e5a4ac8a6d7493adef89b34c7911228e8752ab32bb7a490d2395ad6c9d7,256,256,L,valid,,False
D:/Quantization embedded/datasets/calibration/dataset/train/vias/vias10.png,datasets/calibration/dataset/train/vias/vias10.png,train,vias,vias10.png,25276,87ec9604c2e8e75b77b10dc8a4d8d022b06778231c1737f060d980db81070add,256,256,L,valid,,False
D:/Quantization embedded/datasets/calibration/dataset/train/vias/vias100.png,datasets/calibration/dataset/train/vias/vias100.png,train,vias,vias100.png,29842,7f24b72f0a7768ef63823a98846068ddd1d6af4e0d695d2b455695dc39bbc90c,256,256,L,valid,,False
D:/Quantization embedded/datasets/calibration/dataset/train/vias/vias101.png,datasets/calibration/dataset/train/vias/vias101.png,train,vias,vias101.png,25946,6207ec1f91fbbe524bbe3622d517cdc5f9002b18bb7380a7c40030b04d17e74a,256,256,L,valid,,True
D:/Quantization embedded/datasets/calibration/dataset/train/vias/vias102.png,datasets/calibration/dataset/train/vias/vias102.png,train,vias,vias102.png,25334,beb4e88ff3071095c9f5b0af6ee5f2093d37c3d27c5f2aeaf4c339657aa551fc,256,256,L,valid,,False
D:/Quantization embedded/datasets/calibration/dataset/train/vias/vias103.png,datasets/calibration/dataset/train/vias/vias103.png,train,vias,vias103.png,29746,7e60311f9e5e4cf2c27e6474a172f77effda49755860a087a8439eddfee37ebf,256,256,L,valid,,True
D:/Quantization embedded/datasets/calibration/dataset/train/vias/vias104.png,datasets/calibration/dataset/train/vias/vias104.png,train,vias,vias104.png,28295,1f100da3d20ff417c75404d0876b91e3bc822d86833b9b5671af136b95b111de,256,256,L,valid,,False
D:/Quantization embedded/datasets/calibration/dataset/train/vias/vias106.png,datasets/calibration/dataset/train/vias/vias106.png,train,vias,vias106.png,29521,b9f7e5b77f7e791499592df6569c9751f6fe8aaa31b49cc70c77ea26ab972a35,256,256,L,valid,,True
D:/Quantization embedded/datasets/calibration/dataset/train/vias/vias108.png,datasets/calibration/dataset/train/vias/vias108.png,train,vias,vias108.png,29423,0a700c48b06ab211c6cf565a0d2461a439a9f97f44afd5c892450882b77fe1a3,256,256,L,valid,,True
D:/Quantization embedded/datasets/calibration/dataset/train/vias/vias11.png,datasets/calibration/dataset/train/vias/vias11.png,train,vias,vias11.png,26103,6c9cd85ca178c85102a4459e1a3a2768590c5a568e81de48a632a693312b6ec3,256,256,L,valid,,False
D:/Quantization embedded/datasets/calibration/dataset/train/vias/vias111.png,datasets/calibration/dataset/train/vias/vias111.png,train,vias,vias111.png,29547,6bb7100e04e50870a756e1aed4dcba59f0060c1e52aa7d093073fa3827437b0c,256,256,L,valid,,True
D:/Quantization embedded/datasets/calibration/dataset/train/vias/vias112.png,datasets/calibration/dataset/train/vias/vias112.png,train,vias,vias112.png,30041,1eeb759bda6b5f29fa3df10a9f3a86710dec57d76ffc68d4578d12bed213bb74,256,256,L,valid,,True
D:/Quantization embedded/datasets/calibration/dataset/train/vias/vias113.png,datasets/calibration/dataset/train/vias/vias113.png,train,vias,vias113.png,25996,93c329276393942ce16e5ff87bf8ee34b48ac36bee77f697741ac7e547f4a123,256,256,L,valid,,False
D:/Quantization embedded/datasets/calibration/dataset/train/vias/vias115.png,datasets/calibration/dataset/train/vias/vias115.png,train,vias,vias115.png,25310,a32545b02684ab962549448a10461abe44fc44390a7b8868b50fdea1eab10e22,256,256,L,valid,,False
D:/Quantization embedded/datasets/calibration/dataset/train/vias/vias117.png,datasets/calibration/dataset/train/vias/vias117.png,train,vias,vias117.png,30069,9e68e01b31aa95848aa0da2aaba2b1ff7cdf55bfec44d3733d3a85e56d167271,256,256,L,valid,,False
D:/Quantization embedded/datasets/calibration/dataset/train/vias/vias118.png,datasets/calibration/dataset/train/vias/vias118.png,train,vias,vias118.png,29387,6a65787cd226e7205eaf059910ccd45b93412ae209925bbc0c0724c3ef0d13e5,256,256,L,valid,,False
D:/Quantization embedded/datasets/calibration/dataset/train/vias/vias120.png,datasets/calibration/dataset/train/vias/vias120.png,train,vias,vias120.png,29621,55964bd669319d0f935cbfd7f2f7b643e0485cb54a643e4b93037e599e1bed09,256,256,L,valid,,False
D:/Quantization embedded/datasets/calibration/dataset/train/vias/vias121.png,datasets/calibration/dataset/train/vias/vias121.png,train,vias,vias121.png,30171,216e21b7501e5fbe7fa2e0ab1eefc6187823ba118226438bb83f4759532e7523,256,256,L,valid,,False
D:/Quantization embedded/datasets/calibration/dataset/train/vias/vias122.png,datasets/calibration/dataset/train/vias/vias122.png,train,vias,vias122.png,29972,beb2507c85c8acc7ce20c4bbf602f1ca577143b35c4d07461a45e1c2e30a5359,256,256,L,valid,,False
D:/Quantization embedded/datasets/calibration/dataset/train/vias/vias124.png,datasets/calibration/dataset/train/vias/vias124.png,train,vias,vias124.png,29296,96f5882f3fc3cad31df92335027dc96afdeb1b950e51616a1d8e74242c1e8602,256,256,L,valid,,False
D:/Quantization embedded/datasets/calibration/dataset/train/vias/vias125.png,datasets/calibration/dataset/train/vias/vias125.png,train,vias,vias125.png,29940,0adb03a775faab5c879118457fd3085304fd38a94a07bea0b31dd153283ea9df,256,256,L,valid,,False
D:/Quantization embedded/datasets/calibration/dataset/train/vias/vias128.png,datasets/calibration/dataset/train/vias/vias128.png,train,vias,vias128.png,29436,23625eece162a6ccb75976f79cdb268344dc2f9e99d3aa1827b5a54ebb842c1a,256,256,L,valid,,True
D:/Quantization embedded/datasets/calibration/dataset/train/vias/vias129.png,datasets/calibration/dataset/train/vias/vias129.png,train,vias,vias129.png,26112,9c08815eb4d004a8a89b1bde78b8b57a8929d3ada139066b05de7f3b70039336,256,256,L,valid,,False
D:/Quantization embedded/datasets/calibration/dataset/train/vias/vias13.png,datasets/calibration/dataset/train/vias/vias13.png,train,vias,vias13.png,25495,3e78357959902cea945538f89b56b3ae82783f7e7d769972cb687dfd4613baad,256,256,L,valid,,False
D:/Quantization embedded/datasets/calibration/dataset/train/vias/vias130.png,datasets/calibration/dataset/train/vias/vias130.png,train,vias,vias130.png,28765,10b471fbbdac33bcf4fbc315e8dd37ebcc8a201c19d9f07b1bdcffa9569052e0,256,256,L,valid,,False
D:/Quantization embedded/datasets/calibration/dataset/train/vias/vias131.png,datasets/calibration/dataset/train/vias/vias131.png,train,vias,vias131.png,29458,c8946fe1ad9ca32abb1e24515ab9f3d91b1ea331de9d7698196482fa059f3173,256,256,L,valid,,True
D:/Quantization embedded/datasets/calibration/dataset/train/vias/vias132.png,datasets/calibration/dataset/train/vias/vias132.png,train,vias,vias132.png,28629,0fa4ecd1399fae7fb58a62352f219bc352dddb89fb93f1e009a71f9ea7f2c492,256,256,L,valid,,False
D:/Quantization embedded/datasets/calibration/dataset/train/vias/vias133.png,datasets/calibration/dataset/train/vias/vias133.png,train,vias,vias133.png,29877,2a6f50eb313f7939bbe1a1b6bb17e948e7502eb216f29bb26672a594d54000be,256,256,L,valid,,False
D:/Quantization embedded/datasets/calibration/dataset/train/vias/vias135.png,datasets/calibration/dataset/train/vias/vias135.png,train,vias,vias135.png,25479,930783ed162442b6a521670694b8f7df6d08942ce3199e17b05cb058e4a8a645,256,256,L,valid,,False
D:/Quantization embedded/datasets/calibration/dataset/train/vias/vias136.png,datasets/calibration/dataset/train/vias/vias136.png,train,vias,vias136.png,28586,da510d27fc691dcec78d4544fadefee3098431e67691d46f53973b9ed0673514,256,256,L,valid,,False
D:/Quantization embedded/datasets/calibration/dataset/train/vias/vias137.png,datasets/calibration/dataset/train/vias/vias137.png,train,vias,vias137.png,29032,b3a269dad54f4108579d5478fa9e04aec43c8cf258fec72ea3c125b9a2fc1d0b,256,256,L,valid,,True
D:/Quantization embedded/datasets/calibration/dataset/train/vias/vias139.png,datasets/calibration/dataset/train/vias/vias139.png,train,vias,vias139.png,28725,0b093e1ea47d657a020d616b7f6759b0b0c385a571ed36dccb009f34ba53a841,256,256,L,valid,,False
D:/Quantization embedded/datasets/calibration/dataset/train/vias/vias140.png,datasets/calibration/dataset/train/vias/vias140.png,train,vias,vias140.png,25298,db8a3c588f603066d4ec675d444f91e0c77b21ad5850f4321ea4a9a97196bfef,256,256,L,valid,,False
D:/Quantization embedded/datasets/calibration/dataset/train/vias/vias144.png,datasets/calibration/dataset/train/vias/vias144.png,train,vias,vias144.png,25565,679be1438410d9d640ed94e26e6a7fb1b166c8e398599a30566647bc70682c42,256,256,L,valid,,False
D:/Quantization embedded/datasets/calibration/dataset/train/vias/vias146.png,datasets/calibration/dataset/train/vias/vias146.png,train,vias,vias146.png,25831,5a2e22d4ffc6b94331b9d1e765a6ac24dbb7d7a61bd360aeef6b39879b159db4,256,256,L,valid,,False
D:/Quantization embedded/datasets/calibration/dataset/train/vias/vias147.png,datasets/calibration/dataset/train/vias/vias147.png,train,vias,vias147.png,29852,c1885dcf760b87e66bd0f90d47c74cbd68d38d158e132b3bd42ce9e20bd8ce18,256,256,L,valid,,False
D:/Quantization embedded/datasets/calibration/dataset/train/vias/vias149.png,datasets/calibration/dataset/train/vias/vias149.png,train,vias,vias149.png,27058,83c3d05b5d3adbe4f3d0cf4208bdb0fb52cc5a994558927086b1226f97790679,256,256,L,valid,,False
D:/Quantization embedded/datasets/calibration/dataset/train/vias/vias15.png,datasets/calibration/dataset/train/vias/vias15.png,train,vias,vias15.png,25121,1a05a7b6fa85b7804878d423fb4eb6bfbff23c11effb85c45a59326c3b4874e4,256,256,L,valid,,True
D:/Quantization embedded/datasets/calibration/dataset/train/vias/vias150.png,datasets/calibration/dataset/train/vias/vias150.png,train,vias,vias150.png,28096,2547df09d930900ca5004e21f8224c46dc2e588993aa3b40895318a4565547b4,256,256,L,valid,,True
D:/Quantization embedded/datasets/calibration/dataset/train/vias/vias151.png,datasets/calibration/dataset/train/vias/vias151.png,train,vias,vias151.png,29533,aa4f364a0eb898ba9c8a35f3dc07b769e1e6cb51b05dcde40ceee87306ad192f,256,256,L,valid,,False
D:/Quantization embedded/datasets/calibration/dataset/train/vias/vias153.png,datasets/calibration/dataset/train/vias/vias153.png,train,vias,vias153.png,29385,bbbc52c02f5a0dcbe36244c60162ed74d043d1f9096076c47348525939eb5671,256,256,L,valid,,True
D:/Quantization embedded/datasets/calibration/dataset/train/vias/vias154.png,datasets/calibration/dataset/train/vias/vias154.png,train,vias,vias154.png,26367,e1bff62be8a58479984e4e83597f5ebc0bca9bb2e3b2d058e54b0de51d96825c,256,256,L,valid,,True
D:/Quantization embedded/datasets/calibration/dataset/train/vias/vias155.png,datasets/calibration/dataset/train/vias/vias155.png,train,vias,vias155.png,25708,5f3150f0d09e64b3f179ff304f94a939b3b44efa001c700d029f4a213756a8d1,256,256,L,valid,,False
D:/Quantization embedded/datasets/calibration/dataset/train/vias/vias156.png,datasets/calibration/dataset/train/vias/vias156.png,train,vias,vias156.png,25410,09e5e146160534df6a79c142b5e8e5099710b5a3dfed095a4d7a22960e71ef11,256,256,L,valid,,False
D:/Quantization embedded/datasets/calibration/dataset/train/vias/vias157.png,datasets/calibration/dataset/train/vias/vias157.png,train,vias,vias157.png,26006,507f5e9ec56e4a4d129f193c38d6a92c6cfb1e728cdf20e41bd3e47ab98e14e9,256,256,L,valid,,False
D:/Quantization embedded/datasets/calibration/dataset/train/vias/vias16.png,datasets/calibration/dataset/train/vias/vias16.png,train,vias,vias16.png,29467,8fc2b4bc0f31aed54ba20b26495acd39e99c116f411696076d1a9caeddbf1f80,256,256,L,valid,,False
D:/Quantization embedded/datasets/calibration/dataset/train/vias/vias17.png,datasets/calibration/dataset/train/vias/vias17.png,train,vias,vias17.png,29849,111249dcf13184a6c04a7bce0afe226f82f03c6aa14a16d2315c834fb2e495fb,256,256,L,valid,,False
D:/Quantization embedded/datasets/calibration/dataset/train/vias/vias18.png,datasets/calibration/dataset/train/vias/vias18.png,train,vias,vias18.png,25534,fb28a9f138685a36b1f41c4af669a72e8b8a448b56a1e711f975e191a94179c1,256,256,L,valid,,False
D:/Quantization embedded/datasets/calibration/dataset/train/vias/vias19.png,datasets/calibration/dataset/train/vias/vias19.png,train,vias,vias19.png,25578,6c8f71d36251f94b89b6a14e5e4ed574527c41799333359445e3a77db01b3def,256,256,L,valid,,False
D:/Quantization embedded/datasets/calibration/dataset/train/vias/vias2.JPG,datasets/calibration/dataset/train/vias/vias2.JPG,train,vias,vias2.JPG,5902,d9c948419c30f054ee551fe4005584e57c56b97e261648e9109fdf5afb1d79df,184,176,RGB,valid,,False
D:/Quantization embedded/datasets/calibration/dataset/train/vias/vias20.png,datasets/calibration/dataset/train/vias/vias20.png,train,vias,vias20.png,29478,95d4247c2015c34e98cabc694620fb4cd286b3e0d4618acb85707546cc48540b,256,256,L,valid,,False
D:/Quantization embedded/datasets/calibration/dataset/train/vias/vias21.png,datasets/calibration/dataset/train/vias/vias21.png,train,vias,vias21.png,29220,dfa87df3027d5ff14c375c66417433b0a522b2223a9cc133c1cbdf1c9480a222,256,256,L,valid,,False
D:/Quantization embedded/datasets/calibration/dataset/train/vias/vias22.png,datasets/calibration/dataset/train/vias/vias22.png,train,vias,vias22.png,28937,356f3b60f502bb43bf208137257a2aec27c83b9eecf47b7c58ef4983c63c8945,256,256,L,valid,,False
D:/Quantization embedded/datasets/calibration/dataset/train/vias/vias23.png,datasets/calibration/dataset/train/vias/vias23.png,train,vias,vias23.png,29510,d6ae7b4645c4ddcb3e2e01bd58a27c12a66d2fddc982648bca184d59d6bee632,256,256,L,valid,,True
D:/Quantization embedded/datasets/calibration/dataset/train/vias/vias24.png,datasets/calibration/dataset/train/vias/vias24.png,train,vias,vias24.png,30101,d964b691d0d76f451cf697b9f3290de1afc6d16b4d132b14f4f5fd9f4b2cf712,256,256,L,valid,,False
D:/Quantization embedded/datasets/calibration/dataset/train/vias/vias25.png,datasets/calibration/dataset/train/vias/vias25.png,train,vias,vias25.png,27273,31322c5eb8945f452cd2c1781bf25a8d5be26705da2d5d8ae7a20a01461e3114,256,256,L,valid,,False
D:/Quantization embedded/datasets/calibration/dataset/train/vias/vias26.png,datasets/calibration/dataset/train/vias/vias26.png,train,vias,vias26.png,26855,0cfb7115043beb559acf1307fc7454075f73d6cc57c27aa6bc373bf8030eeca5,256,256,L,valid,,False
D:/Quantization embedded/datasets/calibration/dataset/train/vias/vias27.png,datasets/calibration/dataset/train/vias/vias27.png,train,vias,vias27.png,29456,4479d554f33b9aa4276557a410c2d618f18cb92cba9c300073eee13490186a09,256,256,L,valid,,False
D:/Quantization embedded/datasets/calibration/dataset/train/vias/vias28.png,datasets/calibration/dataset/train/vias/vias28.png,train,vias,vias28.png,29041,aa3c361f80096b42066679982b98c9d6e4341d07f51bb092d5bd6062bc966a5e,256,256,L,valid,,False
D:/Quantization embedded/datasets/calibration/dataset/train/vias/vias29.png,datasets/calibration/dataset/train/vias/vias29.png,train,vias,vias29.png,28926,f2ec2fefa98c33bb5b521f05bd0622bf4a59d62e0d5385196491ba0a4fae175e,256,256,L,valid,,False
D:/Quantization embedded/datasets/calibration/dataset/train/vias/vias3.jpeg,datasets/calibration/dataset/train/vias/vias3.jpeg,train,vias,vias3.jpeg,9758,d155b6b91d9a8109ee731273879fc254acf192529b446a058198333b6b2489c4,466,362,RGB,valid,,False
D:/Quantization embedded/datasets/calibration/dataset/train/vias/vias30.png,datasets/calibration/dataset/train/vias/vias30.png,train,vias,vias30.png,30189,8fbbe38900a5092add85a4905699074d963fc7d3606d43a238b5a4cce4d20340,256,256,L,valid,,True
D:/Quantization embedded/datasets/calibration/dataset/train/vias/vias31.png,datasets/calibration/dataset/train/vias/vias31.png,train,vias,vias31.png,25484,9ece40fb88580c3dc93456fe0d47f5efe147ae3a13e8bbc0f46816e46de4574b,256,256,L,valid,,False
D:/Quantization embedded/datasets/calibration/dataset/train/vias/vias33.png,datasets/calibration/dataset/train/vias/vias33.png,train,vias,vias33.png,25667,2b6ea742edb1e7e814f847e2829fc7ff314382fc16a98125b7ad01bdb957ec0d,256,256,L,valid,,False
D:/Quantization embedded/datasets/calibration/dataset/train/vias/vias34.png,datasets/calibration/dataset/train/vias/vias34.png,train,vias,vias34.png,27340,bf3acc46ffa28877ec550ae4a0689071805dc0cae85a4a655b4b11ce571e22c1,256,256,L,valid,,False
D:/Quantization embedded/datasets/calibration/dataset/train/vias/vias35.png,datasets/calibration/dataset/train/vias/vias35.png,train,vias,vias35.png,29454,c615b7f7cb9569ff02b46bdfeb1264e02914cf4b24c3b39570a6967a843d9028,256,256,L,valid,,False
D:/Quantization embedded/datasets/calibration/dataset/train/vias/vias36.png,datasets/calibration/dataset/train/vias/vias36.png,train,vias,vias36.png,29642,9c7810b6c868bf95b26daf64565019d81975dabc51d0726e4a1a37a4ea42c7e6,256,256,L,valid,,True
D:/Quantization embedded/datasets/calibration/dataset/train/vias/vias38.png,datasets/calibration/dataset/train/vias/vias38.png,train,vias,vias38.png,25570,27e431fd4d367c1db4597abd648cceddcbf47cc02aa95c89d777d47a2a798871,256,256,L,valid,,False
D:/Quantization embedded/datasets/calibration/dataset/train/vias/vias4.jpeg,datasets/calibration/dataset/train/vias/vias4.jpeg,train,vias,vias4.jpeg,10268,2b1a2eb4ba2c813b03c07920e0f3351bf93c58c5e442bfa5adb26ace2974a3c9,459,363,RGB,valid,,False
D:/Quantization embedded/datasets/calibration/dataset/train/vias/vias42.png,datasets/calibration/dataset/train/vias/vias42.png,train,vias,vias42.png,28776,2c932184a8eb110ec7021c16ea238a58269d567e889ce28929a5088085c0c513,256,256,L,valid,,False
D:/Quantization embedded/datasets/calibration/dataset/train/vias/vias44.png,datasets/calibration/dataset/train/vias/vias44.png,train,vias,vias44.png,25131,6b8d947c88c914cb51800100304058f1439b8ecff0925d89d5aa0f534a5ff662,256,256,L,valid,,True
D:/Quantization embedded/datasets/calibration/dataset/train/vias/vias45.png,datasets/calibration/dataset/train/vias/vias45.png,train,vias,vias45.png,27067,042af7a449f57c1df6ee92fc06e807b167bd6894e9b6143dd6b595b5125c952f,256,256,L,valid,,False
D:/Quantization embedded/datasets/calibration/dataset/train/vias/vias46.png,datasets/calibration/dataset/train/vias/vias46.png,train,vias,vias46.png,25610,8f36562d089570457fa0bc3f34d64d8dbfac950e0f90f4913c8489f16de006a9,256,256,L,valid,,False
D:/Quantization embedded/datasets/calibration/dataset/train/vias/vias47.png,datasets/calibration/dataset/train/vias/vias47.png,train,vias,vias47.png,26035,b9d2737d4c92b5f4c190e1018227cbc4296122dc642590b2b11e2925b4bf198f,256,256,L,valid,,False
D:/Quantization embedded/datasets/calibration/dataset/train/vias/vias5.jpeg,datasets/calibration/dataset/train/vias/vias5.jpeg,train,vias,vias5.jpeg,9372,0c0702ca03ee8bef72ac0743d7942ad59a2f78305284b6a81c9564b19d9bebd2,449,364,RGB,valid,,False
D:/Quantization embedded/datasets/calibration/dataset/train/vias/vias50.png,datasets/calibration/dataset/train/vias/vias50.png,train,vias,vias50.png,29916,b7608a8c2fb3f976652b139e92e8ed711425be31a2cfed7f07d3ac07b2c351e2,256,256,L,valid,,True
D:/Quantization embedded/datasets/calibration/dataset/train/vias/vias51.png,datasets/calibration/dataset/train/vias/vias51.png,train,vias,vias51.png,29823,27033c43e115e8b45010d5085e4969f51b1184f3c6c78f60a2f89810a7e92be4,256,256,L,valid,,False
D:/Quantization embedded/datasets/calibration/dataset/train/vias/vias53.png,datasets/calibration/dataset/train/vias/vias53.png,train,vias,vias53.png,29894,2d33c41496df48d6274dd8dba647bba9f5576196121143ef8688f9c183bec32a,256,256,L,valid,,False
D:/Quantization embedded/datasets/calibration/dataset/train/vias/vias55.png,datasets/calibration/dataset/train/vias/vias55.png,train,vias,vias55.png,29430,8c78f5a71c46420f9c5b6e1e7bd16be1d72c964dfa3aed3f428b10074bee3677,256,256,L,valid,,False
D:/Quantization embedded/datasets/calibration/dataset/train/vias/vias56.png,datasets/calibration/dataset/train/vias/vias56.png,train,vias,vias56.png,29432,a6b5c80d9c63fa27a29551fdc3afc2b556acd6e50e79c48992b2e54caa759414,256,256,L,valid,,False
D:/Quantization embedded/datasets/calibration/dataset/train/vias/vias58.png,datasets/calibration/dataset/train/vias/vias58.png,train,vias,vias58.png,29717,936a44258d5b9cb50526f1bea4690f7c45d6cf86c8022d363d0a292f9af8a667,256,256,L,valid,,True
D:/Quantization embedded/datasets/calibration/dataset/train/vias/vias59.png,datasets/calibration/dataset/train/vias/vias59.png,train,vias,vias59.png,29933,bd4b0b97e2a34ca8715c730567f25a8bed3963dbada2b3f74703faf455c27638,256,256,L,valid,,False
D:/Quantization embedded/datasets/calibration/dataset/train/vias/vias60.png,datasets/calibration/dataset/train/vias/vias60.png,train,vias,vias60.png,29708,80be139502902def733f14f198cc36e3a9d4380be3f2c4e009d443c6eb04624e,256,256,L,valid,,False
D:/Quantization embedded/datasets/calibration/dataset/train/vias/vias61.png,datasets/calibration/dataset/train/vias/vias61.png,train,vias,vias61.png,29530,762a9bdd71d42e47384c2ef5a9707f43607f4a5c815d7f7f6acc763579864b69,256,256,L,valid,,False
D:/Quantization embedded/datasets/calibration/dataset/train/vias/vias62.png,datasets/calibration/dataset/train/vias/vias62.png,train,vias,vias62.png,29451,b96777bd45bdf25973c1681fe4ed07b7557543441caa1ef019ce7414ae969b04,256,256,L,valid,,False
D:/Quantization embedded/datasets/calibration/dataset/train/vias/vias63.png,datasets/calibration/dataset/train/vias/vias63.png,train,vias,vias63.png,29393,3608f5b1c60584d1257d9c06f1395d908c7f078244aca335896aa806b9c8c903,256,256,L,valid,,False
D:/Quantization embedded/datasets/calibration/dataset/train/vias/vias65.png,datasets/calibration/dataset/train/vias/vias65.png,train,vias,vias65.png,29978,ae6e2e137e3dafb642539879a65d825ead400bd2ce622920631aa3eef967edcd,256,256,L,valid,,False
D:/Quantization embedded/datasets/calibration/dataset/train/vias/vias67.png,datasets/calibration/dataset/train/vias/vias67.png,train,vias,vias67.png,25601,13cb3814cf1b3834cc1a9f50165f151199be0ccf1ca34eef661447bc59e24adf,256,256,L,valid,,False
D:/Quantization embedded/datasets/calibration/dataset/train/vias/vias68.png,datasets/calibration/dataset/train/vias/vias68.png,train,vias,vias68.png,25195,bbfd0d4777d471c4a9d1a34370e702bc7b8444040a0aabd122d529d63d913b7d,256,256,L,valid,,False
D:/Quantization embedded/datasets/calibration/dataset/train/vias/vias69.png,datasets/calibration/dataset/train/vias/vias69.png,train,vias,vias69.png,26027,594f563d22fc9baaea711eaca5e7d84d172c0183496bb84ee9fa74bb7542e8a5,256,256,L,valid,,False
D:/Quantization embedded/datasets/calibration/dataset/train/vias/vias70.png,datasets/calibration/dataset/train/vias/vias70.png,train,vias,vias70.png,29321,ac9feea030f95a9493ff441d69fc64a8e9b4d10392b9e4ebfc5ff49997a48031,256,256,L,valid,,True
D:/Quantization embedded/datasets/calibration/dataset/train/vias/vias73.png,datasets/calibration/dataset/train/vias/vias73.png,train,vias,vias73.png,29274,b10f380180a2d6d4278d64ea5d48b3becbd25be02ced4de26aaf6007dad87400,256,256,L,valid,,False
D:/Quantization embedded/datasets/calibration/dataset/train/vias/vias76.png,datasets/calibration/dataset/train/vias/vias76.png,train,vias,vias76.png,28566,69d3dbb4096763093b7d4b1503af5f2f8d4c595f16a3f9f64d0ec8e1101e7ab8,256,256,L,valid,,False
D:/Quantization embedded/datasets/calibration/dataset/train/vias/vias77.png,datasets/calibration/dataset/train/vias/vias77.png,train,vias,vias77.png,28573,1221f4a7e8ba0315ef0a96e9978de4a806a371e4e67c184de1615fb19a9d237f,256,256,L,valid,,False
D:/Quantization embedded/datasets/calibration/dataset/train/vias/vias8.jpeg,datasets/calibration/dataset/train/vias/vias8.jpeg,train,vias,vias8.jpeg,9740,d4548e7e8327d511ec3a02fd6224204bd305d12231ce6d1b8065c5ec2d60f54b,450,364,RGB,valid,,False
D:/Quantization embedded/datasets/calibration/dataset/train/vias/vias80.png,datasets/calibration/dataset/train/vias/vias80.png,train,vias,vias80.png,30111,812561916920b8aa83a784c114a2cf50043f3cb4f17cba88a9ca83814e252e69,256,256,L,valid,,False
D:/Quantization embedded/datasets/calibration/dataset/train/vias/vias81.png,datasets/calibration/dataset/train/vias/vias81.png,train,vias,vias81.png,25220,6bac4bf70aee82cdedfc5cfc9fae4425550fe61d2393605856dc929623e19e51,256,256,L,valid,,False
D:/Quantization embedded/datasets/calibration/dataset/train/vias/vias82.png,datasets/calibration/dataset/train/vias/vias82.png,train,vias,vias82.png,29963,5674ddfd2a74f98d8e22cc562454440fda0129303f3074f9c3f86491f2264297,256,256,L,valid,,False
D:/Quantization embedded/datasets/calibration/dataset/train/vias/vias84.png,datasets/calibration/dataset/train/vias/vias84.png,train,vias,vias84.png,28558,67e5cb8bb91f838bd45de77f0447147b3fd35852fc2937d73343b3b92a6df5da,256,256,L,valid,,False
D:/Quantization embedded/datasets/calibration/dataset/train/vias/vias85.png,datasets/calibration/dataset/train/vias/vias85.png,train,vias,vias85.png,25393,8d3e6da48dac9541447ab3602c3a22cd64ede447bfcbb6dac98e23a721697cd3,256,256,L,valid,,False
D:/Quantization embedded/datasets/calibration/dataset/train/vias/vias87.png,datasets/calibration/dataset/train/vias/vias87.png,train,vias,vias87.png,29301,537ca282b85545c432b1fb682bbd4daed95b1deabd11bd859afe7b021fb2f6f6,256,256,L,valid,,True
D:/Quantization embedded/datasets/calibration/dataset/train/vias/vias88.png,datasets/calibration/dataset/train/vias/vias88.png,train,vias,vias88.png,29700,3caeab34ea238a481220fe4e4e93b3ffee7e9fe7bd357dea364e9e8d891e27e9,256,256,L,valid,,False
D:/Quantization embedded/datasets/calibration/dataset/train/vias/vias89.png,datasets/calibration/dataset/train/vias/vias89.png,train,vias,vias89.png,29366,de54bd8a60f91be4d518bd5f7b46c36de3e467a593d628e02b70a059ce4efe64,256,256,L,valid,,False
D:/Quantization embedded/datasets/calibration/dataset/train/vias/vias9.png,datasets/calibration/dataset/train/vias/vias9.png,train,vias,vias9.png,26039,a3d23b173b9f05b092c606a155acafafe5fb804e06b3f9459bb00932f50b942c,256,256,L,valid,,False
D:/Quantization embedded/datasets/calibration/dataset/train/vias/vias90.png,datasets/calibration/dataset/train/vias/vias90.png,train,vias,vias90.png,29366,2fc77bc929678e2fe946739b1a2602e68af6548d29e51daffbe9a84cac345e7d,256,256,L,valid,,True
D:/Quantization embedded/datasets/calibration/dataset/train/vias/vias92.png,datasets/calibration/dataset/train/vias/vias92.png,train,vias,vias92.png,27749,5869581466fe0a459d16fa19715af57225bcf56882899cb6b5e2a1c831683fad,256,256,L,valid,,True
D:/Quantization embedded/datasets/calibration/dataset/train/vias/vias93.png,datasets/calibration/dataset/train/vias/vias93.png,train,vias,vias93.png,28553,2ed8e1278cf8cfa73534f2cc328924588b4bdfe9a3320fa50e431068282bd44c,256,256,L,valid,,True
D:/Quantization embedded/datasets/calibration/dataset/train/vias/vias94.png,datasets/calibration/dataset/train/vias/vias94.png,train,vias,vias94.png,25696,36f811a3ff4b713d652ee4de22ef8690d91a5338deb7d6ca25a6bc06efc5b5b4,256,256,L,valid,,True
D:/Quantization embedded/datasets/calibration/dataset/train/vias/vias95.png,datasets/calibration/dataset/train/vias/vias95.png,train,vias,vias95.png,30042,f352b47aaa1a14a8f5cc53fbf97564076dd7f895c294c2fe7f2cdfaee0f1ce52,256,256,L,valid,,False
D:/Quantization embedded/datasets/calibration/dataset/train/vias/vias98.png,datasets/calibration/dataset/train/vias/vias98.png,train,vias,vias98.png,30145,b8baaad9af2c5ffe398da1e8bf2f38937ed11a18ee4b5bb69b1ed08e17936d44,256,256,L,valid,,False
D:/Quantization embedded/datasets/calibration/dataset/train/vias/vias99.png,datasets/calibration/dataset/train/vias/vias99.png,train,vias,vias99.png,25340,7d7076c83514e9a7ec90312db87f8d311e3a9df7d2c6dd1841ee53dc49be4d35,256,256,L,valid,,False
D:/Quantization embedded/datasets/calibration/dataset/val/bridge/bridge1.JPG,datasets/calibration/dataset/val/bridge/bridge1.JPG,val,bridge,bridge1.JPG,8351,0e2f9ba6e15ab3864f4a89c1f01b38c62deaaed32070d6a71c3ffd45fecd1e1f,215,187,RGB,valid,,False
D:/Quantization embedded/datasets/calibration/dataset/val/bridge/bridge100.png,datasets/calibration/dataset/val/bridge/bridge100.png,val,bridge,bridge100.png,47919,bfca4304e2667b72777609cc84cadd25aba1bccddd6e5976c31e367aa24e427b,256,256,L,valid,,False
D:/Quantization embedded/datasets/calibration/dataset/val/bridge/bridge103.png,datasets/calibration/dataset/val/bridge/bridge103.png,val,bridge,bridge103.png,35818,d6f24085bf57d799a91c045dcb533d0c61a00b7a34ed9a3450e42319da574a5a,256,256,L,valid,,False
D:/Quantization embedded/datasets/calibration/dataset/val/bridge/bridge106.png,datasets/calibration/dataset/val/bridge/bridge106.png,val,bridge,bridge106.png,49827,d2cee6968a3dda725ac469c4a55dc0289c899f750b8164c00951742be0cb719b,256,256,L,valid,,False
D:/Quantization embedded/datasets/calibration/dataset/val/bridge/bridge109.png,datasets/calibration/dataset/val/bridge/bridge109.png,val,bridge,bridge109.png,39004,9ab8d5838db71def4daf0e20974ff17c6702e30cc9a645629ce64f9accfe424e,256,256,L,valid,,False
D:/Quantization embedded/datasets/calibration/dataset/val/bridge/bridge110.png,datasets/calibration/dataset/val/bridge/bridge110.png,val,bridge,bridge110.png,31025,07f9b256aff21837b5f4cce722220ff9826b160411d47d1241f2871b336a96a5,256,256,L,valid,,False
D:/Quantization embedded/datasets/calibration/dataset/val/bridge/bridge13.png,datasets/calibration/dataset/val/bridge/bridge13.png,val,bridge,bridge13.png,39042,1b793ea2dc40f7af4bd1a2909076e2d8919953fb5a97012eb8d1cd41d4fcaf7d,256,256,L,valid,,False
D:/Quantization embedded/datasets/calibration/dataset/val/bridge/bridge143.png,datasets/calibration/dataset/val/bridge/bridge143.png,val,bridge,bridge143.png,42472,1b776f54a18a4b8efa7398e50ee3779b3924bf8528764f1657491bdef3b97d06,256,256,L,valid,,False
D:/Quantization embedded/datasets/calibration/dataset/val/bridge/bridge147.png,datasets/calibration/dataset/val/bridge/bridge147.png,val,bridge,bridge147.png,44331,316189de4d9c8b7d387904e0ebfa6ed6c3bef8bc731c551bb2cc333be138fa99,256,256,L,valid,,False
D:/Quantization embedded/datasets/calibration/dataset/val/bridge/bridge149.png,datasets/calibration/dataset/val/bridge/bridge149.png,val,bridge,bridge149.png,43316,96a591dc2bc1991966012bfa31f2a6f8bfaef45c0a4b3536224c69fc172b41ac,256,256,L,valid,,False
D:/Quantization embedded/datasets/calibration/dataset/val/bridge/bridge16.png,datasets/calibration/dataset/val/bridge/bridge16.png,val,bridge,bridge16.png,38310,de3cca96d0deda604fc74bf17d6e0aca884b6457c5f8e5c658cb1bf4952a7f76,256,256,L,valid,,False
D:/Quantization embedded/datasets/calibration/dataset/val/bridge/bridge27.png,datasets/calibration/dataset/val/bridge/bridge27.png,val,bridge,bridge27.png,45149,c6ec17b23708747a0d8f840e01744ce611f3a27417a634c251727967fbb63dd8,256,256,L,valid,,False
D:/Quantization embedded/datasets/calibration/dataset/val/bridge/bridge29.png,datasets/calibration/dataset/val/bridge/bridge29.png,val,bridge,bridge29.png,47467,c7b0f4ef1edd302a92370a17747699e84fe3f99090c44ee6725f3f4bccc9c92c,256,256,L,valid,,False
D:/Quantization embedded/datasets/calibration/dataset/val/bridge/bridge34.png,datasets/calibration/dataset/val/bridge/bridge34.png,val,bridge,bridge34.png,35860,d9a5c327a0662e51439e408bad76247eb4a4e8d80a22d064f9abc6aad858fc05,256,256,L,valid,,False
D:/Quantization embedded/datasets/calibration/dataset/val/bridge/bridge48.png,datasets/calibration/dataset/val/bridge/bridge48.png,val,bridge,bridge48.png,47360,c2028eeb04b02d32840df20965f0b64e47a8bb23fc53278c9ebbcaf90001eae9,256,256,L,valid,,False
D:/Quantization embedded/datasets/calibration/dataset/val/bridge/bridge60.png,datasets/calibration/dataset/val/bridge/bridge60.png,val,bridge,bridge60.png,37070,6b594356bdaeb37d55e5fec2956a24b338f476fcea78b88f3c18084145055a40,256,256,L,valid,,False
D:/Quantization embedded/datasets/calibration/dataset/val/bridge/bridge66.png,datasets/calibration/dataset/val/bridge/bridge66.png,val,bridge,bridge66.png,47525,65dbb0d57df148c2da9344402fba27fbc75ffffbadd706fc0229742c228ddd21,256,256,L,valid,,False
D:/Quantization embedded/datasets/calibration/dataset/val/bridge/bridge69.png,datasets/calibration/dataset/val/bridge/bridge69.png,val,bridge,bridge69.png,39089,25bdfa230daa78113cc2c5b6f8987dfd7364965ae565a8a0daf1f463bb1586a5,256,256,L,valid,,False
D:/Quantization embedded/datasets/calibration/dataset/val/bridge/bridge70.png,datasets/calibration/dataset/val/bridge/bridge70.png,val,bridge,bridge70.png,46762,8af7e5d958a3a98eded1f6c101adfecd166ba741204a13426de0da146979e6f7,256,256,L,valid,,False
D:/Quantization embedded/datasets/calibration/dataset/val/bridge/bridge74.png,datasets/calibration/dataset/val/bridge/bridge74.png,val,bridge,bridge74.png,52923,f82e3d0bd1877183bbc6fce5451046f648ce38d9d32ae5591809dc7372c35164,256,256,L,valid,,False
D:/Quantization embedded/datasets/calibration/dataset/val/bridge/bridge76.png,datasets/calibration/dataset/val/bridge/bridge76.png,val,bridge,bridge76.png,56311,7b2301f9731b9d1c776bca5af36b1387b359f867dd7044341bf5e0170952c76b,256,256,L,valid,,False
D:/Quantization embedded/datasets/calibration/dataset/val/bridge/bridge80.png,datasets/calibration/dataset/val/bridge/bridge80.png,val,bridge,bridge80.png,52885,686fe77c8bc5c9abe44d50a34fc2143e187f889240b918ecb824ad9045fb6bc7,256,256,L,valid,,False
D:/Quantization embedded/datasets/calibration/dataset/val/bridge/bridge90.png,datasets/calibration/dataset/val/bridge/bridge90.png,val,bridge,bridge90.png,32343,95d5035c5a69ef09d297ac5f982c7370436787e58901f7f113947a4e7415481a,256,256,L,valid,,False
D:/Quantization embedded/datasets/calibration/dataset/val/clean/c4.PNG,datasets/calibration/dataset/val/clean/c4.PNG,val,clean,c4.PNG,48570,63073c214741415c1dec88997d44cf154a681fff99dfbc1196a9465ac64eae7c,202,201,RGBA,valid,,False
D:/Quantization embedded/datasets/calibration/dataset/val/clean/clean10.png,datasets/calibration/dataset/val/clean/clean10.png,val,clean,clean10.png,44349,d7d1847f5c8315179c3d0b214ac9dab2c453c12b89037b2ddb08bede7c7c176f,256,256,L,valid,,False
D:/Quantization embedded/datasets/calibration/dataset/val/clean/clean13.png,datasets/calibration/dataset/val/clean/clean13.png,val,clean,clean13.png,39210,9d91531f574be2dc7d1df54bee6cdfcde9f31dccd5b38f6e1b38a9aa02b03fe2,256,256,L,valid,,False
D:/Quantization embedded/datasets/calibration/dataset/val/clean/clean2.PNG,datasets/calibration/dataset/val/clean/clean2.PNG,val,clean,clean2.PNG,46706,ba60800b01c6220080a7be5b67c90d7ae05d6285eefa074105c25e7b4f706685,256,256,L,valid,,False
D:/Quantization embedded/datasets/calibration/dataset/val/clean/clean25.png,datasets/calibration/dataset/val/clean/clean25.png,val,clean,clean25.png,44373,0049bd274399b3c16a7c2a4ddd209ca96e67462cec0835f19829f5649611402b,256,256,L,valid,,False
D:/Quantization embedded/datasets/calibration/dataset/val/clean/clean30.png,datasets/calibration/dataset/val/clean/clean30.png,val,clean,clean30.png,33382,67626678ffbeb5591bb308af6483874d0e4ec79b5375ccd41644b6f1af9a8da0,256,256,L,valid,,False
D:/Quantization embedded/datasets/calibration/dataset/val/clean/clean38.png,datasets/calibration/dataset/val/clean/clean38.png,val,clean,clean38.png,50976,24e59cccecd12586f51d352c04b2e35e1f179425a71b8612ad47c4b14131446d,256,256,L,valid,,False
D:/Quantization embedded/datasets/calibration/dataset/val/clean/clean46.png,datasets/calibration/dataset/val/clean/clean46.png,val,clean,clean46.png,50804,1494db8018149f2e341319bfa1b72911a99f157c95821fa209b96a1a5e25ba7e,256,256,L,valid,,False
D:/Quantization embedded/datasets/calibration/dataset/val/clean/clean50.png,datasets/calibration/dataset/val/clean/clean50.png,val,clean,clean50.png,47667,b8dc412991e132b4f602fcc97fddde2cbce140574dc5e393f9c8dd77d50c1e73,256,256,L,valid,,False
D:/Quantization embedded/datasets/calibration/dataset/val/clean/clean60.png,datasets/calibration/dataset/val/clean/clean60.png,val,clean,clean60.png,44829,2197b6cb0fc1603530f5735ca2da5db8e6217f028d93e8fd12a41cf60d1eb7ed,256,256,L,valid,,False
D:/Quantization embedded/datasets/calibration/dataset/val/clean/clean62.png,datasets/calibration/dataset/val/clean/clean62.png,val,clean,clean62.png,44360,939adc419906cb421ef0eef82e3eea379946196659b470268713fbbc68826d83,256,256,L,valid,,False
D:/Quantization embedded/datasets/calibration/dataset/val/cmp/cmp110.png,datasets/calibration/dataset/val/cmp/cmp110.png,val,cmp,cmp110.png,37969,4a2cddce6deffeaa6ec5e8fc8834da11ce68b31c80ed5300bb4c42bb290573e3,256,256,L,valid,,False
D:/Quantization embedded/datasets/calibration/dataset/val/cmp/cmp112.png,datasets/calibration/dataset/val/cmp/cmp112.png,val,cmp,cmp112.png,41735,18bf985a0a2ee436dd917365e0a11f8a956cc664ca41d78bf1367fdd24fcf8ff,256,256,L,valid,,False
D:/Quantization embedded/datasets/calibration/dataset/val/cmp/cmp113.png,datasets/calibration/dataset/val/cmp/cmp113.png,val,cmp,cmp113.png,37008,3ccaa3a9d449be507c2275f8b2d587dacdd2e1fd0f59becdc15fd6fc48f79165,256,256,L,valid,,False
D:/Quantization embedded/datasets/calibration/dataset/val/cmp/cmp116.png,datasets/calibration/dataset/val/cmp/cmp116.png,val,cmp,cmp116.png,44064,d35d11d6b7fa564a5f7469863a10d90222436b775cfeaea905ab843b564460f9,256,256,L,valid,,False
D:/Quantization embedded/datasets/calibration/dataset/val/cmp/cmp130.png,datasets/calibration/dataset/val/cmp/cmp130.png,val,cmp,cmp130.png,47272,052ea724d48e7a42be8b09b98940354710d6deabb233694687e739bbe78d7c39,256,256,L,valid,,False
D:/Quantization embedded/datasets/calibration/dataset/val/cmp/cmp14.PNG,datasets/calibration/dataset/val/cmp/cmp14.PNG,val,cmp,cmp14.PNG,42325,fd9ee6e5a38ee4103f38bba2bb8065ab51ddcbbf539aabf67552a45476e5d1de,191,171,RGBA,valid,,False
D:/Quantization embedded/datasets/calibration/dataset/val/cmp/cmp142.png,datasets/calibration/dataset/val/cmp/cmp142.png,val,cmp,cmp142.png,44678,d56dba03ee829d865226c001f08831be7dd6c939ad17675bd51fb428da546c0e,256,256,L,valid,,False
D:/Quantization embedded/datasets/calibration/dataset/val/cmp/cmp15.png,datasets/calibration/dataset/val/cmp/cmp15.png,val,cmp,cmp15.png,39871,a54199a55eadcdb8fe1f43147e87549646e51efd590fa21d33fd0347b65a0ba1,256,256,L,valid,,False
D:/Quantization embedded/datasets/calibration/dataset/val/cmp/cmp151.png,datasets/calibration/dataset/val/cmp/cmp151.png,val,cmp,cmp151.png,47203,32d09681365590be2ad5aee01e58bd19e1166c1a934b876f62b6e89a39e8ee79,256,256,L,valid,,False
D:/Quantization embedded/datasets/calibration/dataset/val/cmp/cmp153.png,datasets/calibration/dataset/val/cmp/cmp153.png,val,cmp,cmp153.png,47312,303b6d3cb34ec56db1ddbea2191a412b7cb3dc379af6b1afa6e119b8f9bed07a,256,256,L,valid,,False
D:/Quantization embedded/datasets/calibration/dataset/val/cmp/cmp162.png,datasets/calibration/dataset/val/cmp/cmp162.png,val,cmp,cmp162.png,37927,732aa3e1d47516637f5305d2ba7f1c7870e923454a592451106ef1e6bec3eb2c,256,256,L,valid,,False
D:/Quantization embedded/datasets/calibration/dataset/val/cmp/cmp165.png,datasets/calibration/dataset/val/cmp/cmp165.png,val,cmp,cmp165.png,36848,6080c0a785a09bc1b1a527edc3574722625a47a7f3fb3eca85167ce017505835,256,256,L,valid,,False
D:/Quantization embedded/datasets/calibration/dataset/val/cmp/cmp34.png,datasets/calibration/dataset/val/cmp/cmp34.png,val,cmp,cmp34.png,37493,b03e2fdb3543eaac7c2adeead0938806d371514087d0d3300d593cde55f8ba2b,256,256,L,valid,,False
D:/Quantization embedded/datasets/calibration/dataset/val/cmp/cmp4.JPG,datasets/calibration/dataset/val/cmp/cmp4.JPG,val,cmp,cmp4.JPG,29948,6a1c2b84f071da3bd925ad0feeaf4be1d647fe302af243b71ab8391c1357e7d0,376,365,RGB,valid,,False
D:/Quantization embedded/datasets/calibration/dataset/val/cmp/cmp40.png,datasets/calibration/dataset/val/cmp/cmp40.png,val,cmp,cmp40.png,41566,949587e3537d4431b7d5c94b0ccedd3d0a7ca6b12b169be7a59d91cad57d6840,256,256,L,valid,,False
D:/Quantization embedded/datasets/calibration/dataset/val/cmp/cmp46.png,datasets/calibration/dataset/val/cmp/cmp46.png,val,cmp,cmp46.png,40231,3447b2b251dc8bd6b7169e8ed7e023bc87c9f0935a842a2707b28d025d8680fd,256,256,L,valid,,False
D:/Quantization embedded/datasets/calibration/dataset/val/cmp/cmp5.JPG,datasets/calibration/dataset/val/cmp/cmp5.JPG,val,cmp,cmp5.JPG,27706,aae5613ed80e0016c265ef1cf009974338750863c1ed8ef4e5e348febf13e9c0,372,378,RGB,valid,,False
D:/Quantization embedded/datasets/calibration/dataset/val/cmp/cmp55.png,datasets/calibration/dataset/val/cmp/cmp55.png,val,cmp,cmp55.png,53772,14cdd660256b548687c566b37e0f3280190d9256a9bc26f1758801ad28bf1031,256,256,L,valid,,False
D:/Quantization embedded/datasets/calibration/dataset/val/cmp/cmp57.png,datasets/calibration/dataset/val/cmp/cmp57.png,val,cmp,cmp57.png,47848,c809a75b28e73affacb61c6db3155c19c35ec786a21b25ff6b54846402de1355,256,256,L,valid,,False
D:/Quantization embedded/datasets/calibration/dataset/val/cmp/cmp65.png,datasets/calibration/dataset/val/cmp/cmp65.png,val,cmp,cmp65.png,36964,4e7ff9819f6e4903b0a698ad40c0051192f40612a66010373ff5e2ac3a358ef3,256,256,L,valid,,False
D:/Quantization embedded/datasets/calibration/dataset/val/cmp/cmp68.png,datasets/calibration/dataset/val/cmp/cmp68.png,val,cmp,cmp68.png,31863,0922e499d0516776629333db09fc1ef3d9af36472558726e6343c0429dd73c07,256,256,L,valid,,False
D:/Quantization embedded/datasets/calibration/dataset/val/cmp/cmp79.png,datasets/calibration/dataset/val/cmp/cmp79.png,val,cmp,cmp79.png,47923,cb0d27e1796ff4155ee396a319a53f0df6718b40ddfd6ddf5bd082d07a615c21,256,256,L,valid,,False
D:/Quantization embedded/datasets/calibration/dataset/val/cmp/cmp88.png,datasets/calibration/dataset/val/cmp/cmp88.png,val,cmp,cmp88.png,54653,b5e7002e3e5d74e79d8bb0b60960c7dc9009045e59c3eb90873926b8aeaebafc,256,256,L,valid,,False
D:/Quantization embedded/datasets/calibration/dataset/val/cmp/cmp9.PNG,datasets/calibration/dataset/val/cmp/cmp9.PNG,val,cmp,cmp9.PNG,43841,983626575db94074a6e017028ebb3d08bede6a95cdcdfa38c448904a0cc48ae4,197,176,RGBA,valid,,False
D:/Quantization embedded/datasets/calibration/dataset/val/crack/crack106.png,datasets/calibration/dataset/val/crack/crack106.png,val,crack,crack106.png,25133,b5dbf113f18c883cad0fa087b06dd81eaed47558deaddabdde5189e9c26bcab7,256,256,L,valid,,False
D:/Quantization embedded/datasets/calibration/dataset/val/crack/crack112.png,datasets/calibration/dataset/val/crack/crack112.png,val,crack,crack112.png,33007,1a607fcb34a0f7e5f822200ecc7e048a85d16b158d6bbb313afc95bd57171a17,256,256,L,valid,,False
D:/Quantization embedded/datasets/calibration/dataset/val/crack/crack119.png,datasets/calibration/dataset/val/crack/crack119.png,val,crack,crack119.png,32205,a2688b1575e5a8c6129353a3500aa175daedbb29ee4e401ce3802579cb132260,256,256,L,valid,,False
D:/Quantization embedded/datasets/calibration/dataset/val/crack/crack129.png,datasets/calibration/dataset/val/crack/crack129.png,val,crack,crack129.png,34156,e595394a346ffb0e37abc4f678a808bc6cd2d9b7c294597c9b0103978380a82d,256,256,L,valid,,False
D:/Quantization embedded/datasets/calibration/dataset/val/crack/crack132.png,datasets/calibration/dataset/val/crack/crack132.png,val,crack,crack132.png,30118,cbb18149ab61803d9b1f038cb2e6c2a39132722b5e64d57d9d754da2fed6d2f0,256,256,L,valid,,False
D:/Quantization embedded/datasets/calibration/dataset/val/crack/crack136.png,datasets/calibration/dataset/val/crack/crack136.png,val,crack,crack136.png,27576,484654f4b52d57d2d6ed4b4e95014063b3f57692e3e46cf77655b491d9cba956,256,256,L,valid,,False
D:/Quantization embedded/datasets/calibration/dataset/val/crack/crack140.png,datasets/calibration/dataset/val/crack/crack140.png,val,crack,crack140.png,27220,5a7dd155c715fe8351afc65c1049843f16e9e4cd65866dca3007bcffa044b4c1,256,256,L,valid,,False
D:/Quantization embedded/datasets/calibration/dataset/val/crack/crack141.png,datasets/calibration/dataset/val/crack/crack141.png,val,crack,crack141.png,32941,996b82f5c41146a5a35fca37ab81e668ebbb1ce75a80303c5d2d3e75d963a777,256,256,L,valid,,False
D:/Quantization embedded/datasets/calibration/dataset/val/crack/crack142.png,datasets/calibration/dataset/val/crack/crack142.png,val,crack,crack142.png,30400,0bb0cd0751935e06d0bb4a45dfde09031346a2743c35d53a726f033a54550e6c,256,256,L,valid,,False
D:/Quantization embedded/datasets/calibration/dataset/val/crack/crack157.png,datasets/calibration/dataset/val/crack/crack157.png,val,crack,crack157.png,36721,527a1b7eeaaede89ce5961335e32bb060ced744cecd1fed43459f3f56c58b728,256,256,L,valid,,False
D:/Quantization embedded/datasets/calibration/dataset/val/crack/crack16.png,datasets/calibration/dataset/val/crack/crack16.png,val,crack,crack16.png,32020,99b994955d15dca48da5a8e050e1c9a306021999cfeddd69ac94cf43a9d30843,256,256,L,valid,,False
D:/Quantization embedded/datasets/calibration/dataset/val/crack/crack2.JPG,datasets/calibration/dataset/val/crack/crack2.JPG,val,crack,crack2.JPG,5965,2ac10e7548d332296d7f8a47ac09abb510ba01ac00ba2fb36683e3a930a65608,216,200,RGB,valid,,False
D:/Quantization embedded/datasets/calibration/dataset/val/crack/crack25.png,datasets/calibration/dataset/val/crack/crack25.png,val,crack,crack25.png,33564,57c9e81f0ef42816fca358ccfc6812a788c683988125ed3138e9c59984445661,256,256,L,valid,,False
D:/Quantization embedded/datasets/calibration/dataset/val/crack/crack42.png,datasets/calibration/dataset/val/crack/crack42.png,val,crack,crack42.png,21792,4bc261ab38a538d90680f7f26f02f82a4442894f8bbedd6976bce5bbe0353483,256,256,L,valid,,False
D:/Quantization embedded/datasets/calibration/dataset/val/crack/crack43.png,datasets/calibration/dataset/val/crack/crack43.png,val,crack,crack43.png,36418,c3e765998cf9e7b0840f9cd8495d3aa5a6592ea3b0549e2f86258c132b1d5342,256,256,L,valid,,False
D:/Quantization embedded/datasets/calibration/dataset/val/crack/crack5.png,datasets/calibration/dataset/val/crack/crack5.png,val,crack,crack5.png,116306,60adf5a2e3b47b0e60e6a440c0e03d47adad3e473b33ed5dd51cae47769ce53e,504,356,RGBA,valid,,False
D:/Quantization embedded/datasets/calibration/dataset/val/crack/crack51.png,datasets/calibration/dataset/val/crack/crack51.png,val,crack,crack51.png,34697,cf0ef32091d566dc394a1f729189f67e7817cb2860aae60878c61e11418360e5,256,256,L,valid,,False
D:/Quantization embedded/datasets/calibration/dataset/val/crack/crack54.png,datasets/calibration/dataset/val/crack/crack54.png,val,crack,crack54.png,24343,ddca466a11ca001fdc1661f1178fc7c12462bd75a9c28f7813d58b5518af6ee8,256,256,L,valid,,False
D:/Quantization embedded/datasets/calibration/dataset/val/crack/crack62.png,datasets/calibration/dataset/val/crack/crack62.png,val,crack,crack62.png,27007,b82728eb159b8ee52b2ccfbbccfe44f01a55be6d9bd6de55fc650b085e4bd6b9,256,256,L,valid,,False
D:/Quantization embedded/datasets/calibration/dataset/val/crack/crack73.png,datasets/calibration/dataset/val/crack/crack73.png,val,crack,crack73.png,32692,c04f59dffc79b0020ca92ad413a20d7d76aea56689beff7b7e452eca6f387eee,256,256,L,valid,,False
D:/Quantization embedded/datasets/calibration/dataset/val/crack/crack74.png,datasets/calibration/dataset/val/crack/crack74.png,val,crack,crack74.png,44659,1b060e5803182c40b19d29cd27f49dfa7fec4367cbd9b86816aeb9305627a44a,256,256,L,valid,,False
D:/Quantization embedded/datasets/calibration/dataset/val/crack/crack84.png,datasets/calibration/dataset/val/crack/crack84.png,val,crack,crack84.png,22788,663cad4d64d19f7a56e9eff9ac7f8cb636187c5c5f499a01f53847f6e3ec9b92,256,256,L,valid,,False
D:/Quantization embedded/datasets/calibration/dataset/val/crack/crack91.png,datasets/calibration/dataset/val/crack/crack91.png,val,crack,crack91.png,28417,d7c0427d5246fade1bbf755e2f215f095f42af639f64163cbafcb2b60e779009,256,256,L,valid,,False
D:/Quantization embedded/datasets/calibration/dataset/val/opens/open102.png,datasets/calibration/dataset/val/opens/open102.png,val,opens,open102.png,22548,8b609dc794e2f96ac4a94c43491143ce8edc400745fb266c705564a5d71a0586,256,256,L,valid,,False
D:/Quantization embedded/datasets/calibration/dataset/val/opens/open114.png,datasets/calibration/dataset/val/opens/open114.png,val,opens,open114.png,23596,05b215ad0d36e30e2f3fbc54b2d4d2469c062093b851357e51eded0885b6bfbd,256,256,L,valid,,False
D:/Quantization embedded/datasets/calibration/dataset/val/opens/open116.png,datasets/calibration/dataset/val/opens/open116.png,val,opens,open116.png,44566,297b16334fadb8d1655837866ccac1c9b0a8a04f10623ee8a7df5a4b98709fc0,256,256,L,valid,,False
D:/Quantization embedded/datasets/calibration/dataset/val/opens/open124.png,datasets/calibration/dataset/val/opens/open124.png,val,opens,open124.png,45993,1aa06e0ff9a99688a47121bfc884f88b99f120442aa41293d86095675da5784d,256,256,L,valid,,False
D:/Quantization embedded/datasets/calibration/dataset/val/opens/open127.png,datasets/calibration/dataset/val/opens/open127.png,val,opens,open127.png,44601,2ee0c30f190c37c14c0098b6aacf24af73ff2384039dfa0270140d1fd50d461f,256,256,L,valid,,False
D:/Quantization embedded/datasets/calibration/dataset/val/opens/open132.png,datasets/calibration/dataset/val/opens/open132.png,val,opens,open132.png,47305,dcc7f7b91381b9fd31a4da487d6184aced88c3fc6e16708d0d61ff7edbd784df,256,256,L,valid,,False
D:/Quantization embedded/datasets/calibration/dataset/val/opens/open137.png,datasets/calibration/dataset/val/opens/open137.png,val,opens,open137.png,47407,778a0fa3f41b12ba4aa95f8a5f6c6360e4067fb32a6f0932595a6e7a2a41a481,256,256,L,valid,,False
D:/Quantization embedded/datasets/calibration/dataset/val/opens/open149.png,datasets/calibration/dataset/val/opens/open149.png,val,opens,open149.png,37147,6da7d3dabc484ca6d322de79acd3102cd8aabfc75df0a7040697f37968c0f481,256,256,L,valid,,False
D:/Quantization embedded/datasets/calibration/dataset/val/opens/open22.png,datasets/calibration/dataset/val/opens/open22.png,val,opens,open22.png,46166,acbb6d664e4c091d95ce92e5263681f04d56882f00df58bc76181be414d08d7d,256,256,L,valid,,False
D:/Quantization embedded/datasets/calibration/dataset/val/opens/open26.png,datasets/calibration/dataset/val/opens/open26.png,val,opens,open26.png,36542,21b20b66416410286dd62719d3e9353fae20705e7e73f71de44094198f948d7a,256,256,L,valid,,False
D:/Quantization embedded/datasets/calibration/dataset/val/opens/open36.png,datasets/calibration/dataset/val/opens/open36.png,val,opens,open36.png,36679,23fb425c5446f7aff3ea8fd09feefb35b6e892cf3e8f2d90deb491511bf936bf,256,256,L,valid,,False
D:/Quantization embedded/datasets/calibration/dataset/val/opens/open42.png,datasets/calibration/dataset/val/opens/open42.png,val,opens,open42.png,22562,1fa3eacaaf31cba173836bdea45773cedd9ef093a70053c769e8c73f518395bb,256,256,L,valid,,False
D:/Quantization embedded/datasets/calibration/dataset/val/opens/open44.png,datasets/calibration/dataset/val/opens/open44.png,val,opens,open44.png,46762,06d8ef502c2cddbf6c9a976f2799bcf3c8e4569966f61dcedc1d22415efd70d5,256,256,L,valid,,False
D:/Quantization embedded/datasets/calibration/dataset/val/opens/open45.png,datasets/calibration/dataset/val/opens/open45.png,val,opens,open45.png,44606,1ef8661e7892a6164133b4877badb58d737846ffade0b32758f3c7dbf9441482,256,256,L,valid,,False
D:/Quantization embedded/datasets/calibration/dataset/val/opens/open51.png,datasets/calibration/dataset/val/opens/open51.png,val,opens,open51.png,36538,26cc824761ba2c87a004fdda2ae62c7a53c2c82839ba35d9326f844f9d2ebc52,256,256,L,valid,,False
D:/Quantization embedded/datasets/calibration/dataset/val/opens/open52.png,datasets/calibration/dataset/val/opens/open52.png,val,opens,open52.png,22579,3a40a99a0eac772e12d55f82192e4f57530aaa6a4c809f6a9fbb10c119fb0741,256,256,L,valid,,False
D:/Quantization embedded/datasets/calibration/dataset/val/opens/open65.png,datasets/calibration/dataset/val/opens/open65.png,val,opens,open65.png,47394,a509edfab3958227d8a75696611a9d356d1c06d9e38c9cbf33ec3e9c235a3f7d,256,256,L,valid,,False
D:/Quantization embedded/datasets/calibration/dataset/val/opens/open67.png,datasets/calibration/dataset/val/opens/open67.png,val,opens,open67.png,39004,b4484571314f61ec7b22678c538f6abaf6fd7ed8df220a50da652b3e17ce7184,256,256,L,valid,,False
D:/Quantization embedded/datasets/calibration/dataset/val/opens/open73.png,datasets/calibration/dataset/val/opens/open73.png,val,opens,open73.png,47420,a16a220ddae47fbb8cbcbc1b96e4ba6a6d583452a2449caa6ef4ccd08b292404,256,256,L,valid,,False
D:/Quantization embedded/datasets/calibration/dataset/val/opens/open74.png,datasets/calibration/dataset/val/opens/open74.png,val,opens,open74.png,40387,4ec68ef4a140225fc7a0a245a9dbd2471875a7a078877d49677e5ef65b511b93,256,256,L,valid,,False
D:/Quantization embedded/datasets/calibration/dataset/val/opens/open84.png,datasets/calibration/dataset/val/opens/open84.png,val,opens,open84.png,45986,e14b54f28edaa4709ecdd321c7ca727813b55b1ece66fc41b0ee23b2fd5bab62,256,256,L,valid,,False
D:/Quantization embedded/datasets/calibration/dataset/val/opens/open90.png,datasets/calibration/dataset/val/opens/open90.png,val,opens,open90.png,46741,d11a3db2601b244ce1e580c993e5081e6204d1b380a74390545cda35e2731bea,256,256,L,valid,,False
D:/Quantization embedded/datasets/calibration/dataset/val/opens/open96.png,datasets/calibration/dataset/val/opens/open96.png,val,opens,open96.png,36563,c495f519553db2cda7389635a35f84622052b16648332b9e5ab288fc414bba67,256,256,L,valid,,False
D:/Quantization embedded/datasets/calibration/dataset/val/other/others 3.png,datasets/calibration/dataset/val/other/others 3.png,val,other,others 3.png,27524,0efdd5645e7cfb03fc587e3c0ff94cb72e216ff86f32cc12fae96456a90738ec,256,256,L,valid,,False
D:/Quantization embedded/datasets/calibration/dataset/val/other/others 7.png,datasets/calibration/dataset/val/other/others 7.png,val,other,others 7.png,21810,b2a7236279a3f80ec034631a7c66921cb0d3b14c8ce05a695a7e0db8a92bd078,256,256,L,valid,,False
D:/Quantization embedded/datasets/calibration/dataset/val/other/others 9.png,datasets/calibration/dataset/val/other/others 9.png,val,other,others 9.png,45367,03073f2c3fc70a79d89e4d39f7318f4ddd3a175579a085a2b4a65dd294a7000b,256,256,L,valid,,False
D:/Quantization embedded/datasets/calibration/dataset/val/other/others12.png,datasets/calibration/dataset/val/other/others12.png,val,other,others12.png,45689,123a1bd92d59189c49133be480ffa1126b5562a65e743f1d4ae85b53b99141c4,256,256,L,valid,,False
D:/Quantization embedded/datasets/calibration/dataset/val/other/others18.png,datasets/calibration/dataset/val/other/others18.png,val,other,others18.png,46732,8e55fedf5dc857444255a76c22c09a482e2bb38641539a9f132703df4b5da018,256,256,L,valid,,False
D:/Quantization embedded/datasets/calibration/dataset/val/other/others31.png,datasets/calibration/dataset/val/other/others31.png,val,other,others31.png,57635,f3481736d31259b8612b1345969b3dbbab49b7aca93582230cbab98027663b76,256,256,L,valid,,False
D:/Quantization embedded/datasets/calibration/dataset/val/other/others32.png,datasets/calibration/dataset/val/other/others32.png,val,other,others32.png,17982,6b4b065ef56ccea24d8e6bdd1d0c90ab085c52e50421a64ed0af52df14e1d448,256,256,L,valid,,False
D:/Quantization embedded/datasets/calibration/dataset/val/other/others34.png,datasets/calibration/dataset/val/other/others34.png,val,other,others34.png,36411,1ebe4515cd98b9059cf529431204e85df908ae31d53983ec4f0d4774c8904a58,256,256,L,valid,,False
D:/Quantization embedded/datasets/calibration/dataset/val/other/others43.png,datasets/calibration/dataset/val/other/others43.png,val,other,others43.png,65835,7d014699a692602e6d73607ff517408edae63ca5374f6b0458675d05af559555,256,256,L,valid,,False
D:/Quantization embedded/datasets/calibration/dataset/val/other/others52.png,datasets/calibration/dataset/val/other/others52.png,val,other,others52.png,41537,b5985d71fafecc7bbb73ebd83a82cf30b034a9363f02196242beacd8b6a0ab5c,256,256,L,valid,,False
D:/Quantization embedded/datasets/calibration/dataset/val/other/others59.png,datasets/calibration/dataset/val/other/others59.png,val,other,others59.png,26021,59fd3f46f1672fdfed9342f59b1fc2d7f3befbc4cb19bd548c6acefd1a4c6404,256,256,L,valid,,False
D:/Quantization embedded/datasets/calibration/dataset/val/other/others70.png,datasets/calibration/dataset/val/other/others70.png,val,other,others70.png,61203,33c3dd836170ff4268adb9e04f83adbbbbd8d1aa1150e8bcdee912697d2cfacf,256,256,L,valid,,False
D:/Quantization embedded/datasets/calibration/dataset/val/particle/particle109.png,datasets/calibration/dataset/val/particle/particle109.png,val,particle,particle109.png,40118,ac44b40e8f112823e797ee039605a47b6b13077bc6b4ffa533e8e2481db84aca,256,256,L,valid,,False
D:/Quantization embedded/datasets/calibration/dataset/val/particle/particle112.png,datasets/calibration/dataset/val/particle/particle112.png,val,particle,particle112.png,39434,9d7e09ec484b1d2e5726464a17327c7d662c0f1d34aa6556abc06ed8fdfe1498,256,256,L,valid,,False
D:/Quantization embedded/datasets/calibration/dataset/val/particle/particle113.png,datasets/calibration/dataset/val/particle/particle113.png,val,particle,particle113.png,52389,50ff58e677587a63433e5e44a9a891ad8a5bee5a5c4186b1639e434be740353b,256,256,L,valid,,False
D:/Quantization embedded/datasets/calibration/dataset/val/particle/particle128.png,datasets/calibration/dataset/val/particle/particle128.png,val,particle,particle128.png,39282,9c83cd19e6af172a6df7b36e25b8a6c83bb22e3c6467c27ad0bd84d5cd6b552e,256,256,L,valid,,False
D:/Quantization embedded/datasets/calibration/dataset/val/particle/particle129.png,datasets/calibration/dataset/val/particle/particle129.png,val,particle,particle129.png,34877,8319faf84583258c7cfabe0c014922f5a8a505cf26ecca058818f3067fe2514f,256,256,L,valid,,False
D:/Quantization embedded/datasets/calibration/dataset/val/particle/particle131.png,datasets/calibration/dataset/val/particle/particle131.png,val,particle,particle131.png,52005,5d01a759a2142b94267cc732db3231e8b6e2a78ebf7c4abed78d487b79b3c035,256,256,L,valid,,False
D:/Quantization embedded/datasets/calibration/dataset/val/particle/particle137.png,datasets/calibration/dataset/val/particle/particle137.png,val,particle,particle137.png,52035,75f1831785f8275f18b37a870d50808c28e337c343964bd81ddc1ad75c75110d,256,256,L,valid,,False
D:/Quantization embedded/datasets/calibration/dataset/val/particle/particle140.png,datasets/calibration/dataset/val/particle/particle140.png,val,particle,particle140.png,35665,d44396c5714e15a1a346770031855512dc3878bbaff6da8915a9ceb30f2ac975,256,256,L,valid,,False
D:/Quantization embedded/datasets/calibration/dataset/val/particle/particle146.png,datasets/calibration/dataset/val/particle/particle146.png,val,particle,particle146.png,56211,24fa561d086f38b5f03065c42bf555a3da5e535065e5ebdb5f33c880ecce05a1,256,256,L,valid,,False
D:/Quantization embedded/datasets/calibration/dataset/val/particle/particle25.png,datasets/calibration/dataset/val/particle/particle25.png,val,particle,particle25.png,52290,690bb91be7d4d20744a17d76835ffd48f7f9774e803a57301ff1f0e3a2e72e89,256,256,L,valid,,False
D:/Quantization embedded/datasets/calibration/dataset/val/particle/particle27.png,datasets/calibration/dataset/val/particle/particle27.png,val,particle,particle27.png,43652,d1ce50958822bdc0678f338f2f9e23745abdeabe71c5323db7d2ae16d6520676,256,256,L,valid,,False
D:/Quantization embedded/datasets/calibration/dataset/val/particle/particle35.png,datasets/calibration/dataset/val/particle/particle35.png,val,particle,particle35.png,41512,7504b729e8b890d4c1825c38324472400f14561be4a05f64cf2e33398f7382cd,256,256,L,valid,,False
D:/Quantization embedded/datasets/calibration/dataset/val/particle/particle37.png,datasets/calibration/dataset/val/particle/particle37.png,val,particle,particle37.png,34130,bbe6a016a9803517025f30b073ab290decf4dd14299e8ea8eb20adc197feb002,256,256,L,valid,,False
D:/Quantization embedded/datasets/calibration/dataset/val/particle/particle4.JPG,datasets/calibration/dataset/val/particle/particle4.JPG,val,particle,particle4.JPG,6110,a27d91e642037270cfa796a91d5de22b3d9952f83412abc854f6ef76bc2c54a1,138,140,RGB,valid,,False
D:/Quantization embedded/datasets/calibration/dataset/val/particle/particle40.png,datasets/calibration/dataset/val/particle/particle40.png,val,particle,particle40.png,34143,f87b32074f288e82be9edc12d54cc16dbcc85d0e45ec7cf190d859c4e2941c42,256,256,L,valid,,False
D:/Quantization embedded/datasets/calibration/dataset/val/particle/particle51.png,datasets/calibration/dataset/val/particle/particle51.png,val,particle,particle51.png,51740,de4e7d4d4f21097758b23757c2b16ca6ce8fc7ed98c2f37ea33c8c1e22197709,256,256,L,valid,,False
D:/Quantization embedded/datasets/calibration/dataset/val/particle/particle55.png,datasets/calibration/dataset/val/particle/particle55.png,val,particle,particle55.png,41279,80cf91f582489978101b263c3587c1ecfffe53d34f60d2a3db22ff4337cf1758,256,256,L,valid,,False
D:/Quantization embedded/datasets/calibration/dataset/val/particle/particle56.png,datasets/calibration/dataset/val/particle/particle56.png,val,particle,particle56.png,52256,67aca7d6c302763a2b17a2c758b11aeef8cc703352c459db9a6a132946a8a9d3,256,256,L,valid,,False
D:/Quantization embedded/datasets/calibration/dataset/val/particle/particle63.png,datasets/calibration/dataset/val/particle/particle63.png,val,particle,particle63.png,36970,63b2a177dea2193469121c2ac0444dd45664c387840a7a02b1e51251405ce69c,256,256,L,valid,,False
D:/Quantization embedded/datasets/calibration/dataset/val/particle/particle68.png,datasets/calibration/dataset/val/particle/particle68.png,val,particle,particle68.png,43203,05c955e44161e0500eee44b07420f823af69bb2201445ca25ff02e0284be5571,256,256,L,valid,,False
D:/Quantization embedded/datasets/calibration/dataset/val/particle/particle96.png,datasets/calibration/dataset/val/particle/particle96.png,val,particle,particle96.png,52511,98314231a6dd7e8e9c1979be86dd4da76ab4594950319ccaf0b26205a12939dd,256,256,L,valid,,False
D:/Quantization embedded/datasets/calibration/dataset/val/particle/particle99.png,datasets/calibration/dataset/val/particle/particle99.png,val,particle,particle99.png,40166,4e2cc02b32aae4fb0df1a80be7d108b84a083cbc6b9c4fdcee3e66c4ec242af9,256,256,L,valid,,False
D:/Quantization embedded/datasets/calibration/dataset/val/scratch/scratch102.png,datasets/calibration/dataset/val/scratch/scratch102.png,val,scratch,scratch102.png,38081,918ecfe828b57e4c8fb39fccddc42b30546f97e27fe4d7c2ebec36a180f84275,256,256,L,valid,,False
D:/Quantization embedded/datasets/calibration/dataset/val/scratch/scratch103.png,datasets/calibration/dataset/val/scratch/scratch103.png,val,scratch,scratch103.png,39832,b3f07aed5da9fa04df2f0d8e55a243a028ddd19f16b824048a39bb080a64268e,256,256,L,valid,,False
D:/Quantization embedded/datasets/calibration/dataset/val/scratch/scratch106.png,datasets/calibration/dataset/val/scratch/scratch106.png,val,scratch,scratch106.png,43382,b2b441c04c5a2dd0bcdd0ef2447f9293d110145f2136212579f5943707c45e07,256,256,L,valid,,False
D:/Quantization embedded/datasets/calibration/dataset/val/scratch/scratch109.png,datasets/calibration/dataset/val/scratch/scratch109.png,val,scratch,scratch109.png,35777,76117603d338a17798b40cd0fe42f78bd9e844d98efb2b6e7085c659907543b1,256,256,L,valid,,False
D:/Quantization embedded/datasets/calibration/dataset/val/scratch/scratch11.png,datasets/calibration/dataset/val/scratch/scratch11.png,val,scratch,scratch11.png,44556,59bcda780817c3bd6ee0c93e6c8e0d21ec7ce26612a096b7a3fd5b9e779a16e6,256,256,L,valid,,False
D:/Quantization embedded/datasets/calibration/dataset/val/scratch/scratch117.png,datasets/calibration/dataset/val/scratch/scratch117.png,val,scratch,scratch117.png,35783,635f19c4372dc7c36409c9c8a3f7fced868179a4eab8bf3231742e6c56c1a2f8,256,256,L,valid,,False
D:/Quantization embedded/datasets/calibration/dataset/val/scratch/scratch118.png,datasets/calibration/dataset/val/scratch/scratch118.png,val,scratch,scratch118.png,32731,d0e007402e218542a97c74f98bc9f91d6299560820742c633499979a258ff41c,256,256,L,valid,,False
D:/Quantization embedded/datasets/calibration/dataset/val/scratch/scratch124.png,datasets/calibration/dataset/val/scratch/scratch124.png,val,scratch,scratch124.png,39759,5a95347828cbdcbe307c78b93448fce43b6e018cda7f9e4f8437677a136e8c31,256,256,L,valid,,False
D:/Quantization embedded/datasets/calibration/dataset/val/scratch/scratch146.png,datasets/calibration/dataset/val/scratch/scratch146.png,val,scratch,scratch146.png,17223,eac1410dceca011b3619daad8f6d05c4dd9a49717ef21b20144d0a709af5b73e,256,256,L,valid,,False
D:/Quantization embedded/datasets/calibration/dataset/val/scratch/scratch19.png,datasets/calibration/dataset/val/scratch/scratch19.png,val,scratch,scratch19.png,32880,b0f72df4e541f6ef4bfac35f95ab40b254f0acd948f6eceb11b80b10e90a9b8f,256,256,L,valid,,False
D:/Quantization embedded/datasets/calibration/dataset/val/scratch/scratch28.png,datasets/calibration/dataset/val/scratch/scratch28.png,val,scratch,scratch28.png,42882,dd53ae4bfb13cb2ec1abac2edb0bad2dfa6cf11321300c23a7b0f7605811a75a,256,256,L,valid,,False
D:/Quantization embedded/datasets/calibration/dataset/val/scratch/scratch29.png,datasets/calibration/dataset/val/scratch/scratch29.png,val,scratch,scratch29.png,44558,10ea0f631053db0a83b62be87055e8493a08cb24a8543a9e3727dd84800df3e2,256,256,L,valid,,False
D:/Quantization embedded/datasets/calibration/dataset/val/scratch/scratch32.png,datasets/calibration/dataset/val/scratch/scratch32.png,val,scratch,scratch32.png,41017,e79becb03a1e39a2bc47fd9a6ceaacd607347229fde988d2aaeadcbfa9148fca,256,256,L,valid,,False
D:/Quantization embedded/datasets/calibration/dataset/val/scratch/scratch37.png,datasets/calibration/dataset/val/scratch/scratch37.png,val,scratch,scratch37.png,40145,c4dfbcb27fd30b8c9a1438ef994f0560041a31d59b7c2ec11f3709abb5786708,256,256,L,valid,,False
D:/Quantization embedded/datasets/calibration/dataset/val/scratch/scratch39.png,datasets/calibration/dataset/val/scratch/scratch39.png,val,scratch,scratch39.png,32998,e185c50f0e0b63a2b79861d08c87495007f458cca850f999a5cd8e76efaf5c3a,256,256,L,valid,,False
D:/Quantization embedded/datasets/calibration/dataset/val/scratch/scratch47.png,datasets/calibration/dataset/val/scratch/scratch47.png,val,scratch,scratch47.png,17566,b1d76b4585885f40dc6c3b0edef0147b1b716d7430189a7c44e161f9421d9b86,256,256,L,valid,,False
D:/Quantization embedded/datasets/calibration/dataset/val/scratch/scratch52.png,datasets/calibration/dataset/val/scratch/scratch52.png,val,scratch,scratch52.png,40014,899c5da55364d1f8a4694b62d32270c40a8c9b35ff537c3b2f6a382b481808a0,256,256,L,valid,,False
D:/Quantization embedded/datasets/calibration/dataset/val/scratch/scratch63.png,datasets/calibration/dataset/val/scratch/scratch63.png,val,scratch,scratch63.png,32754,4ae8cc3815578ef38f84aad661b3881f96859cb711d4e56bcc61346c8a429235,256,256,L,valid,,False
D:/Quantization embedded/datasets/calibration/dataset/val/scratch/scratch71.png,datasets/calibration/dataset/val/scratch/scratch71.png,val,scratch,scratch71.png,14594,0098714d2019c2f532cb2dea3dc24291141b4a923af05a665a0c7eb6d2444db6,256,256,L,valid,,False
D:/Quantization embedded/datasets/calibration/dataset/val/scratch/scratch8.png,datasets/calibration/dataset/val/scratch/scratch8.png,val,scratch,scratch8.png,35825,0cd29229382b440b8941d4ecc758a98a75b8adafa9b9c9c4bdeb1188ab675666,256,256,L,valid,,False
D:/Quantization embedded/datasets/calibration/dataset/val/scratch/scratch84.png,datasets/calibration/dataset/val/scratch/scratch84.png,val,scratch,scratch84.png,32934,28babfe75c5803220fa92912244056da466a9f30f3e6293e111285e0d594a61d,256,256,L,valid,,False
D:/Quantization embedded/datasets/calibration/dataset/val/scratch/scratch91.png,datasets/calibration/dataset/val/scratch/scratch91.png,val,scratch,scratch91.png,42855,acb8357cb9db5bc35f7a6167d6a5560e974b79b433b1d05254c282d5e0fdf79e,256,256,L,valid,,False
D:/Quantization embedded/datasets/calibration/dataset/val/scratch/scratch93.png,datasets/calibration/dataset/val/scratch/scratch93.png,val,scratch,scratch93.png,50375,b982fc0eb1a9fef2acd963d249261b50d0630a2a172c1dc2a53884a0d3f19ac3,256,256,L,valid,,False
D:/Quantization embedded/datasets/calibration/dataset/val/vias/vias105.png,datasets/calibration/dataset/val/vias/vias105.png,val,vias,vias105.png,29079,8c7185301f96da817398e0beb91d075e7da7a6c64030eaeb5451fd76b886b304,256,256,L,valid,,False
D:/Quantization embedded/datasets/calibration/dataset/val/vias/vias107.png,datasets/calibration/dataset/val/vias/vias107.png,val,vias,vias107.png,25843,5999c2131cca06ccd98949b3950aacbda9a12997d4a5816e97f3fb4ebc847c90,256,256,L,valid,,False
D:/Quantization embedded/datasets/calibration/dataset/val/vias/vias109.png,datasets/calibration/dataset/val/vias/vias109.png,val,vias,vias109.png,29002,caaefa7d9b1a23403c4e2b5cb6e7eddb8a1994d6ababba265e0f4a06a2249f20,256,256,L,valid,,False
D:/Quantization embedded/datasets/calibration/dataset/val/vias/vias110.png,datasets/calibration/dataset/val/vias/vias110.png,val,vias,vias110.png,29550,986f7db869ba77704dd4e0000edbe5c3e96dfc6fabfec3e94d1633d0221dc233,256,256,L,valid,,False
D:/Quantization embedded/datasets/calibration/dataset/val/vias/vias134.png,datasets/calibration/dataset/val/vias/vias134.png,val,vias,vias134.png,29258,0e4c2a04e14d99293d4ca339442751c6552d22ccf66b8ad1ecd440d9e6f895cd,256,256,L,valid,,False
D:/Quantization embedded/datasets/calibration/dataset/val/vias/vias138.png,datasets/calibration/dataset/val/vias/vias138.png,val,vias,vias138.png,26135,9bf517bbc2a93a1071a2a7005370583c829a6a4a87603dd341532503608088fa,256,256,L,valid,,False
D:/Quantization embedded/datasets/calibration/dataset/val/vias/vias142.png,datasets/calibration/dataset/val/vias/vias142.png,val,vias,vias142.png,29634,5b8d94d91d232f5c8e10e1c41b4c055a094bcee63ccbd556a65d4b72db638c97,256,256,L,valid,,False
D:/Quantization embedded/datasets/calibration/dataset/val/vias/vias148.png,datasets/calibration/dataset/val/vias/vias148.png,val,vias,vias148.png,29513,b00812fc9c37ed8d42a66d9c0ee1ae16ffcbcece228d65ca3bdd5f62bc1141ba,256,256,L,valid,,False
D:/Quantization embedded/datasets/calibration/dataset/val/vias/vias158.png,datasets/calibration/dataset/val/vias/vias158.png,val,vias,vias158.png,26715,6c97e8d33a5890338ff596cd08ad1e8091ae95f44bec221d88eae92c80cf2a0b,256,256,L,valid,,False
D:/Quantization embedded/datasets/calibration/dataset/val/vias/vias40.png,datasets/calibration/dataset/val/vias/vias40.png,val,vias,vias40.png,29334,350bcd0179ce1bbf3631a74959ee10c6015f015e04d28a529bb0135e7b681585,256,256,L,valid,,False
D:/Quantization embedded/datasets/calibration/dataset/val/vias/vias54.png,datasets/calibration/dataset/val/vias/vias54.png,val,vias,vias54.png,29218,9a7296279126461615442458f33bc55b5da332e17e633ae87ac2550fa660431a,256,256,L,valid,,False
D:/Quantization embedded/datasets/calibration/dataset/val/vias/vias57.png,datasets/calibration/dataset/val/vias/vias57.png,val,vias,vias57.png,29636,6c02db37ceb1cdd23e3911cbaee2eb1599888a16235e8b2543463781ce58cc7a,256,256,L,valid,,False
D:/Quantization embedded/datasets/calibration/dataset/val/vias/vias6.jpeg,datasets/calibration/dataset/val/vias/vias6.jpeg,val,vias,vias6.jpeg,9168,7e8236d5df82569fa406c33ba6139dbf32ed9921ec98510ee6937b0e60906ac2,454,370,RGB,valid,,False
D:/Quantization embedded/datasets/calibration/dataset/val/vias/vias64.png,datasets/calibration/dataset/val/vias/vias64.png,val,vias,vias64.png,29868,54ad6ea6efa299d7a0c7067d3d7b8fddc8c2c43128800e4e2d6475d9549b282a,256,256,L,valid,,False
D:/Quantization embedded/datasets/calibration/dataset/val/vias/vias66.png,datasets/calibration/dataset/val/vias/vias66.png,val,vias,vias66.png,29139,226e2647c78ece2347576d490be77e6ede7abe7425a25c18a6bb58dcd9392006,256,256,L,valid,,False
D:/Quantization embedded/datasets/calibration/dataset/val/vias/vias72.png,datasets/calibration/dataset/val/vias/vias72.png,val,vias,vias72.png,29961,a8f11ac1230512b939775122442c5c6fef54df01f3307376e260c1c41701914e,256,256,L,valid,,False
D:/Quantization embedded/datasets/calibration/dataset/val/vias/vias75.png,datasets/calibration/dataset/val/vias/vias75.png,val,vias,vias75.png,28943,236a4b491ef3ff38570adccc92d35af15d40047ad62921ec8f6777a5d1876e41,256,256,L,valid,,False
D:/Quantization embedded/datasets/calibration/dataset/val/vias/vias78.png,datasets/calibration/dataset/val/vias/vias78.png,val,vias,vias78.png,29988,6ded03ad52f4f4013176a2fbd4655252defa6e4c031aeba9196a0228f31b86b4,256,256,L,valid,,False
D:/Quantization embedded/datasets/calibration/dataset/val/vias/vias79.png,datasets/calibration/dataset/val/vias/vias79.png,val,vias,vias79.png,29294,eca496c567c7d09284473fbe827b7dc3dc8617c652aed91ae9d46dc3c254c4a4,256,256,L,valid,,False
D:/Quantization embedded/datasets/calibration/dataset/val/vias/vias83.png,datasets/calibration/dataset/val/vias/vias83.png,val,vias,vias83.png,29090,b90e960700868343db2986b9ed617d7918df6be2366db15f15eda8f302ff9681,256,256,L,valid,,False
D:/Quantization embedded/datasets/calibration/dataset/val/vias/vias86.png,datasets/calibration/dataset/val/vias/vias86.png,val,vias,vias86.png,28997,ecdbe3775c04ac916597bd1aee7b0fa96812e355872727375475a1a07411d048,256,256,L,valid,,False
D:/Quantization embedded/datasets/calibration/dataset/val/vias/vias91.png,datasets/calibration/dataset/val/vias/vias91.png,val,vias,vias91.png,30068,0e4f8cf513f4afc2d2e14f5445377c01d40592f647fc864a5b386d7042d6a068,256,256,L,valid,,False
D:/Quantization embedded/datasets/calibration/dataset/val/vias/vias97.png,datasets/calibration/dataset/val/vias/vias97.png,val,vias,vias97.png,25832,c4913125ad5df7d4691e59137ddc431ebecc034bbcefb34303d54fa6423ea366,256,256,L,valid,,False
D:/Quantization embedded/datasets/calibration/dataset/test/bridge/bridge101.png,datasets/calibration/dataset/test/bridge/bridge101.png,test,bridge,bridge101.png,47477,6d4301d004c35f5bcf909041ce333193bee061ebe1b38c08a53b625dfad262ee,256,256,L,valid,,False
D:/Quantization embedded/datasets/calibration/dataset/test/bridge/bridge102.png,datasets/calibration/dataset/test/bridge/bridge102.png,test,bridge,bridge102.png,55184,7389cb397bc8810075d9c6bce1cdfef9e7008fb858f2740494c33e0d02be044b,256,256,L,valid,,False
D:/Quantization embedded/datasets/calibration/dataset/test/bridge/bridge112.png,datasets/calibration/dataset/test/bridge/bridge112.png,test,bridge,bridge112.png,40893,26fdb511a7549e322eb309108445065cd8a40782e1fb890211f2bcb3b7fcff2b,256,256,L,valid,,False
D:/Quantization embedded/datasets/calibration/dataset/test/bridge/bridge119.png,datasets/calibration/dataset/test/bridge/bridge119.png,test,bridge,bridge119.png,51409,aba5942710791f01fd3abc618c0aa75d99b8099424643e79065f7cf595d4569f,256,256,L,valid,,False
D:/Quantization embedded/datasets/calibration/dataset/test/bridge/bridge134.png,datasets/calibration/dataset/test/bridge/bridge134.png,test,bridge,bridge134.png,38206,8f72eb4b965deaead712883e99fc48aed9036aab7b863be0651c38be5761861d,256,256,L,valid,,False
D:/Quantization embedded/datasets/calibration/dataset/test/bridge/bridge14.png,datasets/calibration/dataset/test/bridge/bridge14.png,test,bridge,bridge14.png,39290,01f5291f19c670569904c2043989654a15274a6b0ce6bf7a53cdaa4a742eb688,256,256,L,valid,,False
D:/Quantization embedded/datasets/calibration/dataset/test/bridge/bridge142.png,datasets/calibration/dataset/test/bridge/bridge142.png,test,bridge,bridge142.png,50736,5cc6424cda5e054d1dd447d0d53cbcc16b079346a0fde069b15add4d47d2052f,256,256,L,valid,,False
D:/Quantization embedded/datasets/calibration/dataset/test/bridge/bridge151.PNG,datasets/calibration/dataset/test/bridge/bridge151.PNG,test,bridge,bridge151.PNG,30806,82ee0c73101ce0d0b21dfd302acde0f8de0211a69e2f61b03a98d1feaba1b715,169,169,RGBA,valid,,False
D:/Quantization embedded/datasets/calibration/dataset/test/bridge/bridge152.PNG,datasets/calibration/dataset/test/bridge/bridge152.PNG,test,bridge,bridge152.PNG,34433,3f30effe7e55e6347e005eae5706004ff2c2528ae82f505a8a0d381377c070aa,165,170,RGBA,valid,,False
D:/Quantization embedded/datasets/calibration/dataset/test/bridge/bridge21.png,datasets/calibration/dataset/test/bridge/bridge21.png,test,bridge,bridge21.png,35905,af47e8e4e9a71ed0168da519bc8c6208dc9bb6196bd02b198a9e450d10597e72,256,256,L,valid,,False
D:/Quantization embedded/datasets/calibration/dataset/test/bridge/bridge33.png,datasets/calibration/dataset/test/bridge/bridge33.png,test,bridge,bridge33.png,43878,6f22b57cc9b749b84a2546a764f1839743438bad5f6f980ffc2e38f97c7e763c,256,256,L,valid,,False
D:/Quantization embedded/datasets/calibration/dataset/test/bridge/bridge37.png,datasets/calibration/dataset/test/bridge/bridge37.png,test,bridge,bridge37.png,35789,e32c948a24117beebfbfa91d80c4348c4718174b6958593d788a7b2a69e2219a,256,256,L,valid,,False
D:/Quantization embedded/datasets/calibration/dataset/test/bridge/bridge4.JPG,datasets/calibration/dataset/test/bridge/bridge4.JPG,test,bridge,bridge4.JPG,3821,a159987d693bc05066891db91fdd7637c33e3ac84b7c09efea736f7719396ca3,75,72,RGB,valid,,False
D:/Quantization embedded/datasets/calibration/dataset/test/bridge/bridge42.png,datasets/calibration/dataset/test/bridge/bridge42.png,test,bridge,bridge42.png,59854,a7ec8410072034fc1952bfaa475e0aa9139e60998edcac98dac592dc61e718a7,256,256,L,valid,,False
D:/Quantization embedded/datasets/calibration/dataset/test/bridge/bridge45.png,datasets/calibration/dataset/test/bridge/bridge45.png,test,bridge,bridge45.png,35021,59203dae03c7d4b1657e3bc0a891494f245ea5fcd12cccff343a6b790805b092,256,256,L,valid,,False
D:/Quantization embedded/datasets/calibration/dataset/test/bridge/bridge49.png,datasets/calibration/dataset/test/bridge/bridge49.png,test,bridge,bridge49.png,44527,f658498c10511394df2aa321f0b59d01b449a118cdd7c6bc833201a1629a7b0c,256,256,L,valid,,False
D:/Quantization embedded/datasets/calibration/dataset/test/bridge/bridge58.png,datasets/calibration/dataset/test/bridge/bridge58.png,test,bridge,bridge58.png,38929,541e3264e089a9af591b9dc163d21b8f44694cab83738467802ba487cdf59b20,256,256,L,valid,,False
D:/Quantization embedded/datasets/calibration/dataset/test/bridge/bridge62.png,datasets/calibration/dataset/test/bridge/bridge62.png,test,bridge,bridge62.png,38929,7d571a2016e66ce3b848e3584931e970aa883e7a68b6f244f509ee4d5e933dc7,256,256,L,valid,,False
D:/Quantization embedded/datasets/calibration/dataset/test/bridge/bridge67.png,datasets/calibration/dataset/test/bridge/bridge67.png,test,bridge,bridge67.png,47104,9d54b05673e88a7a4b616d4ed73c1460822d21557f06b5403976d20128b1ceaf,256,256,L,valid,,False
D:/Quantization embedded/datasets/calibration/dataset/test/bridge/bridge7.png,datasets/calibration/dataset/test/bridge/bridge7.png,test,bridge,bridge7.png,57723,81bb0f314cf56ea8463f55c08503992176c91863275baeebdc0a985edf7c9470,256,256,L,valid,,False
D:/Quantization embedded/datasets/calibration/dataset/test/bridge/bridge71.png,datasets/calibration/dataset/test/bridge/bridge71.png,test,bridge,bridge71.png,47973,3a20b6620da457e8958af7d575469f7acf3d2adf607fe6e48971514bd5e3d3f7,256,256,L,valid,,False
D:/Quantization embedded/datasets/calibration/dataset/test/bridge/bridge79.png,datasets/calibration/dataset/test/bridge/bridge79.png,test,bridge,bridge79.png,47810,6c7b22d38b14f0d29bf5fc2fd7abae1351aedf451346680046e5ed9a79244bab,256,256,L,valid,,False
D:/Quantization embedded/datasets/calibration/dataset/test/bridge/bridge81.png,datasets/calibration/dataset/test/bridge/bridge81.png,test,bridge,bridge81.png,46871,18b9cde092ee563a5e3c8c47773dfac6b0d96aed74594cbb388b14b639dbd569,256,256,L,valid,,False
D:/Quantization embedded/datasets/calibration/dataset/test/bridge/bridge88.png,datasets/calibration/dataset/test/bridge/bridge88.png,test,bridge,bridge88.png,32141,3ffffb8e6906cbdaf2928a37dc8bd5b9c701c257dd53537e79a50ae4cb9bb3fd,256,256,L,valid,,False
D:/Quantization embedded/datasets/calibration/dataset/test/bridge/bridge91.png,datasets/calibration/dataset/test/bridge/bridge91.png,test,bridge,bridge91.png,46141,8d4e6e2547e21bc1466c5dead08248bb5db5c8f219f17fdad8d94884388462d1,256,256,L,valid,,False
D:/Quantization embedded/datasets/calibration/dataset/test/clean/clean1.PNG,datasets/calibration/dataset/test/clean/clean1.PNG,test,clean,clean1.PNG,40781,3468457994652447c0ed316d4b9fc83c9f121826a572f63e9844773f018492b5,256,256,L,valid,,False
D:/Quantization embedded/datasets/calibration/dataset/test/clean/clean11.png,datasets/calibration/dataset/test/clean/clean11.png,test,clean,clean11.png,48623,de44615a016a2cc4ea844a001209202f0df67707a080ab88515d84223c9a5933,256,256,L,valid,,False
D:/Quantization embedded/datasets/calibration/dataset/test/clean/clean15.png,datasets/calibration/dataset/test/clean/clean15.png,test,clean,clean15.png,43619,45144f7819907066578fafb6b6e7525a5becc4668f4cd6dba2b9462b08b50981,256,256,L,valid,,False
D:/Quantization embedded/datasets/calibration/dataset/test/clean/clean16.png,datasets/calibration/dataset/test/clean/clean16.png,test,clean,clean16.png,47798,6a601396d0e334d7d1811d6f726bc60b7f5cb8cf6c5dd6ca611fe0720a2da9b3,256,256,L,valid,,False
D:/Quantization embedded/datasets/calibration/dataset/test/clean/clean18.png,datasets/calibration/dataset/test/clean/clean18.png,test,clean,clean18.png,38199,1814c31ee81c36e0e1905bd8adf54b135cb0068be5ea12bdac14a5abcc0c1972,256,256,L,valid,,False
D:/Quantization embedded/datasets/calibration/dataset/test/clean/clean37.png,datasets/calibration/dataset/test/clean/clean37.png,test,clean,clean37.png,42924,58a2cbedbd0ad54964dd361368ecdb17e299ce7d5c7c732d31bf993e532b3f8d,256,256,L,valid,,False
D:/Quantization embedded/datasets/calibration/dataset/test/clean/clean44.png,datasets/calibration/dataset/test/clean/clean44.png,test,clean,clean44.png,50032,854a36fdc5c7803a9d91592b3cfa0c232e902755757659d08c185d0cb1e23942,256,256,L,valid,,False
D:/Quantization embedded/datasets/calibration/dataset/test/clean/clean45.png,datasets/calibration/dataset/test/clean/clean45.png,test,clean,clean45.png,47080,c74a72cb7f0d4d20e2238255be98f9cc124cad2d5ef74ed6c2e6a6b9efaa55a0,256,256,L,valid,,False
D:/Quantization embedded/datasets/calibration/dataset/test/clean/clean5.PNG,datasets/calibration/dataset/test/clean/clean5.PNG,test,clean,clean5.PNG,60230,584996a77796bf7104b4455f4ad643eb793eb49327c4c316679c650b8dbcaffe,256,256,L,valid,,False
D:/Quantization embedded/datasets/calibration/dataset/test/clean/clean53.png,datasets/calibration/dataset/test/clean/clean53.png,test,clean,clean53.png,42783,43344a172e46f74e9db08c379aad749d2d2fcd26d6ee7911f455907609921a20,256,256,L,valid,,False
D:/Quantization embedded/datasets/calibration/dataset/test/clean/clean8.png,datasets/calibration/dataset/test/clean/clean8.png,test,clean,clean8.png,54222,bc513b4c9763b34ecce4f5adf32c840ce606966921327e4697f20aec130ca525,256,256,L,valid,,False
D:/Quantization embedded/datasets/calibration/dataset/test/clean/clean9.png,datasets/calibration/dataset/test/clean/clean9.png,test,clean,clean9.png,16981,9c740d2a06d184dc6838f81a9522eff93d278512d1c358e610d2e82387bef7e9,256,256,L,valid,,False
D:/Quantization embedded/datasets/calibration/dataset/test/cmp/cmp100.png,datasets/calibration/dataset/test/cmp/cmp100.png,test,cmp,cmp100.png,51717,562e2423bf9acca7dd9048aa48ff9829650b7e1b355345b3556afa7867f8e200,256,256,L,valid,,False
D:/Quantization embedded/datasets/calibration/dataset/test/cmp/cmp104.png,datasets/calibration/dataset/test/cmp/cmp104.png,test,cmp,cmp104.png,32437,0309783de7804d9e0bf904aa689ecc29b0eb80c1340cb3ac0ab0cf900055d76a,256,256,L,valid,,False
D:/Quantization embedded/datasets/calibration/dataset/test/cmp/cmp105.png,datasets/calibration/dataset/test/cmp/cmp105.png,test,cmp,cmp105.png,44273,e6c46fca08284462cf4bd3114f26e9b8d837f3ded4141126194c403cc851a164,256,256,L,valid,,False
D:/Quantization embedded/datasets/calibration/dataset/test/cmp/cmp108.png,datasets/calibration/dataset/test/cmp/cmp108.png,test,cmp,cmp108.png,37995,42a49a482fcdd414618782ef4ea36f23cf662ca7140b0fdaedf0613d969d2b3d,256,256,L,valid,,False
D:/Quantization embedded/datasets/calibration/dataset/test/cmp/cmp115.png,datasets/calibration/dataset/test/cmp/cmp115.png,test,cmp,cmp115.png,34310,bfafe7adad079533b5b9985316734c7db2eede57085716b1ec85fa43ea52454e,256,256,L,valid,,False
D:/Quantization embedded/datasets/calibration/dataset/test/cmp/cmp124.png,datasets/calibration/dataset/test/cmp/cmp124.png,test,cmp,cmp124.png,44700,90e56dad124b1477e25f0cd78248abb568745d1ee82045f6f0e7561abc36cf09,256,256,L,valid,,False
D:/Quantization embedded/datasets/calibration/dataset/test/cmp/cmp134.png,datasets/calibration/dataset/test/cmp/cmp134.png,test,cmp,cmp134.png,46070,55286f1869c353712e7b7e78bae5e01ae5081192f88f7c62bd50654b76701d69,256,256,L,valid,,False
D:/Quantization embedded/datasets/calibration/dataset/test/cmp/cmp141.png,datasets/calibration/dataset/test/cmp/cmp141.png,test,cmp,cmp141.png,35542,d5de0f4a0a965029a8f921b02fa1f63f4f18197cd79f3b13f1eac19c300c3f7d,256,256,L,valid,,False
D:/Quantization embedded/datasets/calibration/dataset/test/cmp/cmp147.png,datasets/calibration/dataset/test/cmp/cmp147.png,test,cmp,cmp147.png,37898,819275e71a274ca654ec99ab7ed99a2ac91909e5d87dbd866d6d9adcad29c349,256,256,L,valid,,False
D:/Quantization embedded/datasets/calibration/dataset/test/cmp/cmp148.png,datasets/calibration/dataset/test/cmp/cmp148.png,test,cmp,cmp148.png,47958,4bee4e38ed4d560a33ed9fab374a6f5488300e6e05d919b7cd9583b4429fb4f7,256,256,L,valid,,False
D:/Quantization embedded/datasets/calibration/dataset/test/cmp/cmp150.png,datasets/calibration/dataset/test/cmp/cmp150.png,test,cmp,cmp150.png,48204,c1966e90f437a040005db2151812ad54329b92a6aa114a7745f26788a0905eae,256,256,L,valid,,False
D:/Quantization embedded/datasets/calibration/dataset/test/cmp/cmp155.png,datasets/calibration/dataset/test/cmp/cmp155.png,test,cmp,cmp155.png,34430,ac7134d1b02f491f3e630fe4db6ae9551af282a8292e01e0015089ff1c934be1,256,256,L,valid,,False
D:/Quantization embedded/datasets/calibration/dataset/test/cmp/cmp156.png,datasets/calibration/dataset/test/cmp/cmp156.png,test,cmp,cmp156.png,47300,8787751ff936806e177e6088c7eb3417f9f5d0f1b7c07da979b564e917dc05a5,256,256,L,valid,,False
D:/Quantization embedded/datasets/calibration/dataset/test/cmp/cmp164.png,datasets/calibration/dataset/test/cmp/cmp164.png,test,cmp,cmp164.png,37135,8f302483f4ba9e4a2873f61bcd7812c4876011559e5fca1e1cd9696d68743885,256,256,L,valid,,False
D:/Quantization embedded/datasets/calibration/dataset/test/cmp/cmp17.png,datasets/calibration/dataset/test/cmp/cmp17.png,test,cmp,cmp17.png,36732,c61ad9dc172e15742d1900f17a1c56126488ca1695242f6dbb89e1757f1cd41d,256,256,L,valid,,False
D:/Quantization embedded/datasets/calibration/dataset/test/cmp/cmp2.JPG,datasets/calibration/dataset/test/cmp/cmp2.JPG,test,cmp,cmp2.JPG,12471,129433011833b565ea148c86cd8d8ece4b3619332554825635feac3365cb35aa,222,200,RGB,valid,,False
D:/Quantization embedded/datasets/calibration/dataset/test/cmp/cmp24.png,datasets/calibration/dataset/test/cmp/cmp24.png,test,cmp,cmp24.png,39859,6e1100523f5ee03a3818b92c679e43104be1d4d806d3860897a61eb7413ccfc8,256,256,L,valid,,False
D:/Quantization embedded/datasets/calibration/dataset/test/cmp/cmp25.png,datasets/calibration/dataset/test/cmp/cmp25.png,test,cmp,cmp25.png,37001,0304af887efde57c5cfa714c8c61983cc01cd5ab179d34c8ad6f86296820c4a0,256,256,L,valid,,False
D:/Quantization embedded/datasets/calibration/dataset/test/cmp/cmp33.png,datasets/calibration/dataset/test/cmp/cmp33.png,test,cmp,cmp33.png,36005,8238bc413cb81c763b5b39f88a0db204a6453bc5cb590638377445a545ba0263,256,256,L,valid,,False
D:/Quantization embedded/datasets/calibration/dataset/test/cmp/cmp43.png,datasets/calibration/dataset/test/cmp/cmp43.png,test,cmp,cmp43.png,47151,e629d1c33aff01336994cb8be8b80c1d5aef7e7f0576041697cbc6f574a8c817,256,256,L,valid,,False
D:/Quantization embedded/datasets/calibration/dataset/test/cmp/cmp45.png,datasets/calibration/dataset/test/cmp/cmp45.png,test,cmp,cmp45.png,39280,d2f73a583d7906421f19207d23b44be4653a04ad3e89aa5f3d1040be746d2e40,256,256,L,valid,,False
D:/Quantization embedded/datasets/calibration/dataset/test/cmp/cmp50.png,datasets/calibration/dataset/test/cmp/cmp50.png,test,cmp,cmp50.png,41701,a75932f424b55ea64037ee9c5e39fe8ce20a0d41bf34dd5d35bf9b391e3fa4ea,256,256,L,valid,,False
D:/Quantization embedded/datasets/calibration/dataset/test/cmp/cmp58.png,datasets/calibration/dataset/test/cmp/cmp58.png,test,cmp,cmp58.png,47200,b3df2a7094f123c84c34335a02aef2eaf32acb7e405defa15750ba963c540586,256,256,L,valid,,False
D:/Quantization embedded/datasets/calibration/dataset/test/cmp/cmp69.png,datasets/calibration/dataset/test/cmp/cmp69.png,test,cmp,cmp69.png,37829,6f3b384e9d6b835f718211a84e20a64ceddfb7f2a604441c72f38885145d58ab,256,256,L,valid,,False
D:/Quantization embedded/datasets/calibration/dataset/test/cmp/cmp77.png,datasets/calibration/dataset/test/cmp/cmp77.png,test,cmp,cmp77.png,48570,760b1f64a8518e43769406c36645def53411d0116a3d5180558ffb1e2e4c8405,256,256,L,valid,,False
D:/Quantization embedded/datasets/calibration/dataset/test/cmp/cmp95.png,datasets/calibration/dataset/test/cmp/cmp95.png,test,cmp,cmp95.png,36792,109f55c9888a43b058000e7daa59f2ab7b133e38406010b53207c2cd81f03833,256,256,L,valid,,False
D:/Quantization embedded/datasets/calibration/dataset/test/crack/crack10.png,datasets/calibration/dataset/test/crack/crack10.png,test,crack,crack10.png,32678,05e975832c1418ea91f28358e5598d5a5a90fa8dbd24477c5ac4a9026351c2d7,256,256,L,valid,,False
D:/Quantization embedded/datasets/calibration/dataset/test/crack/crack105.png,datasets/calibration/dataset/test/crack/crack105.png,test,crack,crack105.png,18371,7feafb9db5723e39bc64d0369424e5f7798a305c1bc3cf6382038f1ad7ebd762,256,256,L,valid,,False
D:/Quantization embedded/datasets/calibration/dataset/test/crack/crack110.png,datasets/calibration/dataset/test/crack/crack110.png,test,crack,crack110.png,26965,2b292d6cd49800d21ce7260b63ed03816d09f58442e2a9251f93331be56fa543,256,256,L,valid,,False
D:/Quantization embedded/datasets/calibration/dataset/test/crack/crack127.png,datasets/calibration/dataset/test/crack/crack127.png,test,crack,crack127.png,18722,b42e99de7c3293cf264907b5b51dd36f6e22d246d21cdb25e58a2a1a6b24bfbb,256,256,L,valid,,False
D:/Quantization embedded/datasets/calibration/dataset/test/crack/crack128.png,datasets/calibration/dataset/test/crack/crack128.png,test,crack,crack128.png,31727,5721e35fa0293550b7c51e28b03ca56e157bd3ac972ad1c7d5828b2b4936b72f,256,256,L,valid,,False
D:/Quantization embedded/datasets/calibration/dataset/test/crack/crack143.png,datasets/calibration/dataset/test/crack/crack143.png,test,crack,crack143.png,27780,a505b08802a8db250db2710237617ec3d619e67a695c4ac6b5b93de35000e3c0,256,256,L,valid,,False
D:/Quantization embedded/datasets/calibration/dataset/test/crack/crack149.png,datasets/calibration/dataset/test/crack/crack149.png,test,crack,crack149.png,24544,4cbdcd588a54eac4ff98ffe4e753921b397969c5f7c561938efe8199c6d16481,256,256,L,valid,,False
D:/Quantization embedded/datasets/calibration/dataset/test/crack/crack150.png,datasets/calibration/dataset/test/crack/crack150.png,test,crack,crack150.png,32041,f1996ed2fc061c06a04c12df846669d653cd2b790eff733390e7998da3b50aed,256,256,L,valid,,False
D:/Quantization embedded/datasets/calibration/dataset/test/crack/crack158.png,datasets/calibration/dataset/test/crack/crack158.png,test,crack,crack158.png,39650,dbc4972d48b0a709ff1537d00d5cf2d0d86409af2fa870f4db08cd0e53f8e1a4,256,256,L,valid,,False
D:/Quantization embedded/datasets/calibration/dataset/test/crack/crack28.png,datasets/calibration/dataset/test/crack/crack28.png,test,crack,crack28.png,36184,5ac46ba1a3107ede9ef4f52c1ba3abca5992defc20d99b4b42cf66724cc460f7,256,256,L,valid,,False
D:/Quantization embedded/datasets/calibration/dataset/test/crack/crack34.png,datasets/calibration/dataset/test/crack/crack34.png,test,crack,crack34.png,44363,c44df5c021d2db20a18d7b1c5586d86a11ca330e19d42d3be4ad00be1209beb1,256,256,L,valid,,False
D:/Quantization embedded/datasets/calibration/dataset/test/crack/crack38.png,datasets/calibration/dataset/test/crack/crack38.png,test,crack,crack38.png,30319,ae5d27c1759ebbd9b935f6b0391b488ca9d91090d64bd864e98fd447caf4a399,256,256,L,valid,,False
D:/Quantization embedded/datasets/calibration/dataset/test/crack/crack39.png,datasets/calibration/dataset/test/crack/crack39.png,test,crack,crack39.png,28103,0b803fc75890f02a1b74eb2b7527bbdd0530277c3f575a64acffebfeea891f16,256,256,L,valid,,False
D:/Quantization embedded/datasets/calibration/dataset/test/crack/crack47.png,datasets/calibration/dataset/test/crack/crack47.png,test,crack,crack47.png,26013,d911088bef135900c70e80b39174ee91f5b8f403853007b04195d449a56828a8,256,256,L,valid,,False
D:/Quantization embedded/datasets/calibration/dataset/test/crack/crack52.png,datasets/calibration/dataset/test/crack/crack52.png,test,crack,crack52.png,30641,079f39d8bb9dcd06a696c9187be2bae8b7e845c116701a5a41b82995d8215e38,256,256,L,valid,,False
D:/Quantization embedded/datasets/calibration/dataset/test/crack/crack59.png,datasets/calibration/dataset/test/crack/crack59.png,test,crack,crack59.png,25135,d7857b408eba720c73e02f8825e845a34344947be562a49a7fa7917062f939fe,256,256,L,valid,,False
D:/Quantization embedded/datasets/calibration/dataset/test/crack/crack61.png,datasets/calibration/dataset/test/crack/crack61.png,test,crack,crack61.png,36989,f4bf933bea983d8afaf75dd6240df5ab183741a587dd7766d7432a39a8cded88,256,256,L,valid,,False
D:/Quantization embedded/datasets/calibration/dataset/test/crack/crack68.png,datasets/calibration/dataset/test/crack/crack68.png,test,crack,crack68.png,17247,9e854241a422e6504f33c54d83ea38c6b06a3aee5426b210d381b7548ceb533f,256,256,L,valid,,False
D:/Quantization embedded/datasets/calibration/dataset/test/crack/crack7.png,datasets/calibration/dataset/test/crack/crack7.png,test,crack,crack7.png,391619,c27a57b1a4ea79382c9ac9b7e3b4fb94299c66037c6d191896f0f5128cb3035a,675,614,RGBA,valid,,False
D:/Quantization embedded/datasets/calibration/dataset/test/crack/crack71.png,datasets/calibration/dataset/test/crack/crack71.png,test,crack,crack71.png,27454,f6c3a2b44c67bed7f6533c201a79a7704bd1b3967f804b193e4a0f9b63be7bab,256,256,L,valid,,False
D:/Quantization embedded/datasets/calibration/dataset/test/crack/crack85.png,datasets/calibration/dataset/test/crack/crack85.png,test,crack,crack85.png,20678,5b2acb106bdc8013182efc86b7922e5a0f88bbc1fc889729ff06e04aeafc75ad,256,256,L,valid,,False
D:/Quantization embedded/datasets/calibration/dataset/test/crack/crack88.png,datasets/calibration/dataset/test/crack/crack88.png,test,crack,crack88.png,27384,7f780faa248f2a8f4b656430bd7092e6207db6e18e17f1274afbe182b5600862,256,256,L,valid,,False
D:/Quantization embedded/datasets/calibration/dataset/test/crack/crack89.png,datasets/calibration/dataset/test/crack/crack89.png,test,crack,crack89.png,23985,8c9e3f7e1f8cd2a5117147d8f0e7e37ca7b8ae84383e0fe1064c29d42226c614,256,256,L,valid,,False
D:/Quantization embedded/datasets/calibration/dataset/test/crack/crack94.png,datasets/calibration/dataset/test/crack/crack94.png,test,crack,crack94.png,36654,664425640bc9eb251705e4d46b805cfac523ecb09bdcb1337c021e96cfd9df5f,256,256,L,valid,,False
D:/Quantization embedded/datasets/calibration/dataset/test/crack/crack99.png,datasets/calibration/dataset/test/crack/crack99.png,test,crack,crack99.png,32205,c1070584228ad0395a128fe38e4e726d3ce7595a242510be2e54233fb27fb2d9,256,256,L,valid,,False
D:/Quantization embedded/datasets/calibration/dataset/test/opens/open107.png,datasets/calibration/dataset/test/opens/open107.png,test,opens,open107.png,46171,1456048d0c40bc1fc98b2aee25a0afd5a573eb0579afa8160f800764b4e8b8af,256,256,L,valid,,False
D:/Quantization embedded/datasets/calibration/dataset/test/opens/open109.png,datasets/calibration/dataset/test/opens/open109.png,test,opens,open109.png,46786,3703362827073a0e1e4c8920cd2cdc657610505b2720b59e55a1dbdef6fc87da,256,256,L,valid,,False
D:/Quantization embedded/datasets/calibration/dataset/test/opens/open117.png,datasets/calibration/dataset/test/opens/open117.png,test,opens,open117.png,28953,ded67aef31c4cffe83309dcf9023838ca37d76aa025074d735f232da04fa4470,256,256,L,valid,,False
D:/Quantization embedded/datasets/calibration/dataset/test/opens/open12.png,datasets/calibration/dataset/test/opens/open12.png,test,opens,open12.png,37326,117f994eab226583157476bd3895fd388742feade297347ad553688fa7df1835,256,256,L,valid,,False
D:/Quantization embedded/datasets/calibration/dataset/test/opens/open120.png,datasets/calibration/dataset/test/opens/open120.png,test,opens,open120.png,40692,ae695c8bde1f8eba91155afc9d43b1b357688d354ab68dafde6fc7709189bf19,256,256,L,valid,,False
D:/Quantization embedded/datasets/calibration/dataset/test/opens/open121.png,datasets/calibration/dataset/test/opens/open121.png,test,opens,open121.png,36884,c409df17635632e9833561f067e92d485b3f771bb1e5f325a4f8bb44a20f2511,256,256,L,valid,,False
D:/Quantization embedded/datasets/calibration/dataset/test/opens/open133.png,datasets/calibration/dataset/test/opens/open133.png,test,opens,open133.png,36703,b2ceda8a441a1c38bd1635812dd4cf85a4aa81f407d3b6194128d6946120e6a4,256,256,L,valid,,False
D:/Quantization embedded/datasets/calibration/dataset/test/opens/open134.png,datasets/calibration/dataset/test/opens/open134.png,test,opens,open134.png,44601,36e3508ad5cc243302206dab0bb968d338d07aa3d729813175577b4f95d4b50f,256,256,L,valid,,False
D:/Quantization embedded/datasets/calibration/dataset/test/opens/open135.png,datasets/calibration/dataset/test/opens/open135.png,test,opens,open135.png,45521,ce4b9b501c663c69e59ade9fbb3c50f0964541a1c44d597be075eba401954be3,256,256,L,valid,,False
D:/Quantization embedded/datasets/calibration/dataset/test/opens/open138.png,datasets/calibration/dataset/test/opens/open138.png,test,opens,open138.png,39406,098ae2c8dd653a24ef500c30bd545ef66540e771ca8f04ae5db5f29a6dee2ff5,256,256,L,valid,,False
D:/Quantization embedded/datasets/calibration/dataset/test/opens/open148.png,datasets/calibration/dataset/test/opens/open148.png,test,opens,open148.png,47418,d8423f1fad2162f4126adf6730110be9ebefc90f39e989222e4d0d3c127f20ff,256,256,L,valid,,False
D:/Quantization embedded/datasets/calibration/dataset/test/opens/open152.png,datasets/calibration/dataset/test/opens/open152.png,test,opens,open152.png,44571,d92ffb58dc4f61e1b1e2d47d1477d3568769bf28b3a76d6d3ee3d420a2124725,256,256,L,valid,,False
D:/Quantization embedded/datasets/calibration/dataset/test/opens/open154.png,datasets/calibration/dataset/test/opens/open154.png,test,opens,open154.png,49408,e6149b1a6142d5e179028627ceceb9247d5db35745dbabc017ec57c39a98f2a0,256,256,L,valid,,False
D:/Quantization embedded/datasets/calibration/dataset/test/opens/open28.png,datasets/calibration/dataset/test/opens/open28.png,test,opens,open28.png,39002,39badfdaa897372362c359f72b32a047590aa49fca7690c129a6809c3ae424e1,256,256,L,valid,,False
D:/Quantization embedded/datasets/calibration/dataset/test/opens/open33.png,datasets/calibration/dataset/test/opens/open33.png,test,opens,open33.png,40222,f4f3be43d6b515445a85726a126dc9c4dc04abdea9ff5b85f2430ae20276f4cb,256,256,L,valid,,False
D:/Quantization embedded/datasets/calibration/dataset/test/opens/open35.png,datasets/calibration/dataset/test/opens/open35.png,test,opens,open35.png,39044,523bd35f96334b9e55fb2fbd6dac76ad7f531237d7e1c7a99136a0db14899a5d,256,256,L,valid,,False
D:/Quantization embedded/datasets/calibration/dataset/test/opens/open38.png,datasets/calibration/dataset/test/opens/open38.png,test,opens,open38.png,37244,a2e3cbabc008e0b51a0463a7f6c1905c4e56cbe3142b01249bb48f28b04f7762,256,256,L,valid,,False
D:/Quantization embedded/datasets/calibration/dataset/test/opens/open56.png,datasets/calibration/dataset/test/opens/open56.png,test,opens,open56.png,20169,824f5ed5e009943cf1efe8ea53f4d8d830ac0ac092fddde4ad63cae6ab3be699,256,256,L,valid,,False
D:/Quantization embedded/datasets/calibration/dataset/test/opens/open61.png,datasets/calibration/dataset/test/opens/open61.png,test,opens,open61.png,46175,589919d406396991d3369cc0a760f83e5b87464ec3b8fb68d12dcc99816f31d5,256,256,L,valid,,False
D:/Quantization embedded/datasets/calibration/dataset/test/opens/open68.png,datasets/calibration/dataset/test/opens/open68.png,test,opens,open68.png,46735,ff6d2cbb3b8b9b556ce03a8794f1ea2f85dc999926da53b2757bd6065d0b0e9f,256,256,L,valid,,False
D:/Quantization embedded/datasets/calibration/dataset/test/opens/open82.png,datasets/calibration/dataset/test/opens/open82.png,test,opens,open82.png,37284,6076e094539ca55b3897f984ef6d10f45ab1f7264a7fbc44f3609cce87e5b456,256,256,L,valid,,False
D:/Quantization embedded/datasets/calibration/dataset/test/opens/open87.png,datasets/calibration/dataset/test/opens/open87.png,test,opens,open87.png,39381,3cd2faef2cf10dae2fccee27ec19efac502a94d9b6264127dd7e4db8f26cc8ea,256,256,L,valid,,False
D:/Quantization embedded/datasets/calibration/dataset/test/opens/open9.png,datasets/calibration/dataset/test/opens/open9.png,test,opens,open9.png,45997,fc439d94d346aca880d0501f8efe2e0acb8e3f546efbbdce980e8fe35d8f2d61,256,256,L,valid,,False
D:/Quantization embedded/datasets/calibration/dataset/test/opens/open94.png,datasets/calibration/dataset/test/opens/open94.png,test,opens,open94.png,39947,6f25e99f8a3a0dea5a04d63791bf66e0bd045ccc693509725010e9b13787a701,256,256,L,valid,,False
D:/Quantization embedded/datasets/calibration/dataset/test/opens/opens2.JPG,datasets/calibration/dataset/test/opens/opens2.JPG,test,opens,opens2.JPG,8120,4eab28ab765911a3663d4657c6484c8868b4d8a92bddafd83c85b841e03970f6,199,199,RGB,valid,,False
D:/Quantization embedded/datasets/calibration/dataset/test/other/others 1.png,datasets/calibration/dataset/test/other/others 1.png,test,other,others 1.png,65534,d5c9f4959c7d4871c10d1bc65055702feaba4cd1fee8eb470a43766767bc26d3,256,256,L,valid,,False
D:/Quantization embedded/datasets/calibration/dataset/test/other/others20.png,datasets/calibration/dataset/test/other/others20.png,test,other,others20.png,33438,60b2ba22b2ba811f43e0937da72d4f9f8f308f404162960c866f64791650b17b,256,256,L,valid,,False
D:/Quantization embedded/datasets/calibration/dataset/test/other/others29.png,datasets/calibration/dataset/test/other/others29.png,test,other,others29.png,63842,30c47034f39e9e2832bf09495bbb29d5d194ae4e6cafcb66b4601ae49d9f927f,256,256,L,valid,,False
D:/Quantization embedded/datasets/calibration/dataset/test/other/others30.png,datasets/calibration/dataset/test/other/others30.png,test,other,others30.png,63859,992cc11a01646a5d8de806714090b067983eba99fb2a869a614b2b81cd66616b,256,256,L,valid,,False
D:/Quantization embedded/datasets/calibration/dataset/test/other/others42.png,datasets/calibration/dataset/test/other/others42.png,test,other,others42.png,27373,8ac7b3c5767036fb1cbafd286cbc9558e3d37646f7c13e5404a4044b24b5ce99,256,256,L,valid,,False
D:/Quantization embedded/datasets/calibration/dataset/test/other/others44.png,datasets/calibration/dataset/test/other/others44.png,test,other,others44.png,27354,0ea420cce5a2c87f13041b4041a27ec7b12e44e17e0f79ca38f92e2aefd9813f,256,256,L,valid,,False
D:/Quantization embedded/datasets/calibration/dataset/test/other/others45.png,datasets/calibration/dataset/test/other/others45.png,test,other,others45.png,24181,38f9c4bd15fd2200ed589f774df8aaf6cb0001a47905a4722832ac69dc87bced,256,256,L,valid,,False
D:/Quantization embedded/datasets/calibration/dataset/test/other/others57.png,datasets/calibration/dataset/test/other/others57.png,test,other,others57.png,30665,7d90bff49e91e4d7d2cd974fd2a32add5c9a62aec7919d1313417539b0ecc974,256,256,L,valid,,False
D:/Quantization embedded/datasets/calibration/dataset/test/other/others60.png,datasets/calibration/dataset/test/other/others60.png,test,other,others60.png,64419,42fbba35bea540a991c08cd8c6f707d09110b10a8d26f248dc92ec34e433ce92,256,256,L,valid,,False
D:/Quantization embedded/datasets/calibration/dataset/test/other/others61.png,datasets/calibration/dataset/test/other/others61.png,test,other,others61.png,25175,d4adaa0218fe1d8e704fc7ab7ea185d04cfa179da6af18173c387f57233161d8,256,256,L,valid,,False
D:/Quantization embedded/datasets/calibration/dataset/test/other/others79.png,datasets/calibration/dataset/test/other/others79.png,test,other,others79.png,36623,2d28b4cd68489586dce611ecfcc787df1751887e64ba1fea6404fcb4200ed134,256,256,L,valid,,False
D:/Quantization embedded/datasets/calibration/dataset/test/other/others80.png,datasets/calibration/dataset/test/other/others80.png,test,other,others80.png,18100,4d30a7f76f064af50a058713363a949b279ab57f987464df2019a49eda4d05de,256,256,L,valid,,False
D:/Quantization embedded/datasets/calibration/dataset/test/particle/particle104.png,datasets/calibration/dataset/test/particle/particle104.png,test,particle,particle104.png,51673,2893c75bc4e2a909755fe6267240e10e3c38ce136c72257d4338d5231efe6ea6,256,256,L,valid,,False
D:/Quantization embedded/datasets/calibration/dataset/test/particle/particle105.png,datasets/calibration/dataset/test/particle/particle105.png,test,particle,particle105.png,41830,84380bbe5402694160a735e75e6306e7c730249efab764231faaac72ec294689,256,256,L,valid,,False
D:/Quantization embedded/datasets/calibration/dataset/test/particle/particle111.png,datasets/calibration/dataset/test/particle/particle111.png,test,particle,particle111.png,53558,56409fd818e8a69191babd13ea1a3460e178289f116345ae35e4dcc7967b5482,256,256,L,valid,,False
D:/Quantization embedded/datasets/calibration/dataset/test/particle/particle115.png,datasets/calibration/dataset/test/particle/particle115.png,test,particle,particle115.png,34125,65f02ad5736ae616f1dd3a1d83095605d810ace80da4ee4c3f0b731dd7065d5a,256,256,L,valid,,False
D:/Quantization embedded/datasets/calibration/dataset/test/particle/particle121.png,datasets/calibration/dataset/test/particle/particle121.png,test,particle,particle121.png,36183,0bf3b97ecc50c53ad6ce6692da620ea1c0244d377d64a419c98e38b00488741e,256,256,L,valid,,False
D:/Quantization embedded/datasets/calibration/dataset/test/particle/particle127.png,datasets/calibration/dataset/test/particle/particle127.png,test,particle,particle127.png,41634,9535da24d89d64c2627989b5808d1244e59f7d9f35ebf42107e8698f90a7c6d4,256,256,L,valid,,False
D:/Quantization embedded/datasets/calibration/dataset/test/particle/particle13.png,datasets/calibration/dataset/test/particle/particle13.png,test,particle,particle13.png,36909,112cc79eb091c3da47e15a01bfedd88b39026a97c64761fe04b06a17fa032481,256,256,L,valid,,False
D:/Quantization embedded/datasets/calibration/dataset/test/particle/particle136.png,datasets/calibration/dataset/test/particle/particle136.png,test,particle,particle136.png,51653,401bf369a28dc1b037ddbdc4e4479cb295ef9ba605f57cb49d8ac0f3755d6093,256,256,L,valid,,False
D:/Quantization embedded/datasets/calibration/dataset/test/particle/particle141.png,datasets/calibration/dataset/test/particle/particle141.png,test,particle,particle141.png,35942,0efcf3a177e551a884bbd890f415051bdec03bb2f88470f940122e589162ebe3,256,256,L,valid,,False
D:/Quantization embedded/datasets/calibration/dataset/test/particle/particle143.png,datasets/calibration/dataset/test/particle/particle143.png,test,particle,particle143.png,51656,9f8f0b3087f37b90420ece73714e2571f4d26e02a82508c5ba0e3eadab485e43,256,256,L,valid,,False
D:/Quantization embedded/datasets/calibration/dataset/test/particle/particle22.png,datasets/calibration/dataset/test/particle/particle22.png,test,particle,particle22.png,34885,e9250b264e4aaf80c2bf7ddb3b60750edd0a664b57428030d8c047c567050841,256,256,L,valid,,False
D:/Quantization embedded/datasets/calibration/dataset/test/particle/particle23.png,datasets/calibration/dataset/test/particle/particle23.png,test,particle,particle23.png,41925,ddb052ee75e62df45eb58a9662ba7f876b1165497d71cfbdc30a8f2cdbc2614d,256,256,L,valid,,False
D:/Quantization embedded/datasets/calibration/dataset/test/particle/particle26.png,datasets/calibration/dataset/test/particle/particle26.png,test,particle,particle26.png,53100,f4bfdf6cee434d64a2963a006dec0742e619e7cd0db0ffc62c7a9734f750551f,256,256,L,valid,,False
D:/Quantization embedded/datasets/calibration/dataset/test/particle/particle29.png,datasets/calibration/dataset/test/particle/particle29.png,test,particle,particle29.png,41759,5011f46099599d6e5bb60b64eeaa504b3afe1ae4818369a826ebd1f2a0fc7b83,256,256,L,valid,,False
D:/Quantization embedded/datasets/calibration/dataset/test/particle/particle47.png,datasets/calibration/dataset/test/particle/particle47.png,test,particle,particle47.png,35509,0be90c50deffee9ef7940286ef8eded3c3ddc72e6708ece8d735660657d5cf3f,256,256,L,valid,,False
D:/Quantization embedded/datasets/calibration/dataset/test/particle/particle48.png,datasets/calibration/dataset/test/particle/particle48.png,test,particle,particle48.png,39548,ab71289317ad1e3fcd924f12cd378befd28e65bc9e697a78a1a0b26cf154305e,256,256,L,valid,,False
D:/Quantization embedded/datasets/calibration/dataset/test/particle/particle53.png,datasets/calibration/dataset/test/particle/particle53.png,test,particle,particle53.png,51763,dbe228afd1f80266f120df5667c6c5351c7fe6a93f831fdac899ff33565e829f,256,256,L,valid,,False
D:/Quantization embedded/datasets/calibration/dataset/test/particle/particle62.png,datasets/calibration/dataset/test/particle/particle62.png,test,particle,particle62.png,34054,02eb6c9bea32a6194d27ce685dd6380b2388bdf6df1c13814d3e8ea280f73e46,256,256,L,valid,,False
D:/Quantization embedded/datasets/calibration/dataset/test/particle/particle75.png,datasets/calibration/dataset/test/particle/particle75.png,test,particle,particle75.png,41489,607fe92da79501672c19f198f97c67039881558b9be8bfbbea092cec156b90c8,256,256,L,valid,,False
D:/Quantization embedded/datasets/calibration/dataset/test/particle/particle86.png,datasets/calibration/dataset/test/particle/particle86.png,test,particle,particle86.png,43237,804b69d01c7818ceafd3eab033f595cb52825e239b60a4b0bd3edea1056365e3,256,256,L,valid,,False
D:/Quantization embedded/datasets/calibration/dataset/test/particle/particle9.PNG,datasets/calibration/dataset/test/particle/particle9.PNG,test,particle,particle9.PNG,131724,2c4124b84ef018ba1054336f6cd4f5eb920e8915f743ba7d8095e203e6dba554,351,289,RGBA,valid,,False
D:/Quantization embedded/datasets/calibration/dataset/test/particle/particle91.png,datasets/calibration/dataset/test/particle/particle91.png,test,particle,particle91.png,52402,f992c3a6d628a11121a9dc2e4ef7a88979539e80b5460874df3a7c0c2a5d5004,256,256,L,valid,,False
D:/Quantization embedded/datasets/calibration/dataset/test/particle/particle94.png,datasets/calibration/dataset/test/particle/particle94.png,test,particle,particle94.png,40192,cbb957c0c821a228350132643a239b70d50e1a3ea883fc987758c7ee0f4cfef3,256,256,L,valid,,False
D:/Quantization embedded/datasets/calibration/dataset/test/scratch/scratch1.jpeg,datasets/calibration/dataset/test/scratch/scratch1.jpeg,test,scratch,scratch1.jpeg,48376,1e069c6477965db52f545b96940ed4153adc9c9f8057ac79dcd6b24e14fd6be6,561,426,RGB,valid,,False
D:/Quantization embedded/datasets/calibration/dataset/test/scratch/scratch104.png,datasets/calibration/dataset/test/scratch/scratch104.png,test,scratch,scratch104.png,32596,b4713d8606bacea750bf0a76971d30b0312b9029311e5aea09ffa8cd95941d78,256,256,L,valid,,False
D:/Quantization embedded/datasets/calibration/dataset/test/scratch/scratch119.png,datasets/calibration/dataset/test/scratch/scratch119.png,test,scratch,scratch119.png,29187,d7c4455395517016d94b86430fe464f6f165ea69f8325d3e89a808840590e169,256,256,L,valid,,False
D:/Quantization embedded/datasets/calibration/dataset/test/scratch/scratch120.png,datasets/calibration/dataset/test/scratch/scratch120.png,test,scratch,scratch120.png,39799,5a6b4bdd3a0ecca63ac8e64a6806ef949d99431cee5d3b589303682f50d1f53c,256,256,L,valid,,False
D:/Quantization embedded/datasets/calibration/dataset/test/scratch/scratch130.png,datasets/calibration/dataset/test/scratch/scratch130.png,test,scratch,scratch130.png,32560,dca539decc63c9974a4565f990dfb7684246b6409754d696bec1047b14d18748,256,256,L,valid,,False
D:/Quantization embedded/datasets/calibration/dataset/test/scratch/scratch140.png,datasets/calibration/dataset/test/scratch/scratch140.png,test,scratch,scratch140.png,32647,97e939d312380a1687b0054780e56258a537b4ebd209beb592e50b20aa5751e7,256,256,L,valid,,False
D:/Quantization embedded/datasets/calibration/dataset/test/scratch/scratch2.jpeg,datasets/calibration/dataset/test/scratch/scratch2.jpeg,test,scratch,scratch2.jpeg,8038,2c3d1ec6e3b5e2b74b31ef80d4ba376924004f8b7a7b8619a463296403271be5,318,317,RGB,valid,,False
D:/Quantization embedded/datasets/calibration/dataset/test/scratch/scratch22.png,datasets/calibration/dataset/test/scratch/scratch22.png,test,scratch,scratch22.png,29178,e688022d5361b79b6ac1b4dca4514fbb6867f556963d0615090587cb936b1a7c,256,256,L,valid,,False
D:/Quantization embedded/datasets/calibration/dataset/test/scratch/scratch27.png,datasets/calibration/dataset/test/scratch/scratch27.png,test,scratch,scratch27.png,29153,6e889ef8124beb2f2a9ac3eb990ef9964f94034361c1ad1f169bd921fe29a3f2,256,256,L,valid,,False
D:/Quantization embedded/datasets/calibration/dataset/test/scratch/scratch3.jpeg,datasets/calibration/dataset/test/scratch/scratch3.jpeg,test,scratch,scratch3.jpeg,31321,2faf461db99635a60f39b19c5fc99e6d6022241ba0689c9a4f9bba5dc434edc3,359,295,RGB,valid,,False
D:/Quantization embedded/datasets/calibration/dataset/test/scratch/scratch30.png,datasets/calibration/dataset/test/scratch/scratch30.png,test,scratch,scratch30.png,38100,2fbdef85a6824b3e135e6a083c0ad03b4c9948e32b50080515f71b6567db5d64,256,256,L,valid,,False
D:/Quantization embedded/datasets/calibration/dataset/test/scratch/scratch44.png,datasets/calibration/dataset/test/scratch/scratch44.png,test,scratch,scratch44.png,40070,3e30fa1a53a937b2fc22b6f378fd3ea90ee8ef0c820862f6414fec6991b4ff57,256,256,L,valid,,False
D:/Quantization embedded/datasets/calibration/dataset/test/scratch/scratch46.png,datasets/calibration/dataset/test/scratch/scratch46.png,test,scratch,scratch46.png,44576,abbbb27dc41ba645133ab6e8edf757495c6cb1fceeb047fbfa5acbcf96657b31,256,256,L,valid,,False
D:/Quantization embedded/datasets/calibration/dataset/test/scratch/scratch55.png,datasets/calibration/dataset/test/scratch/scratch55.png,test,scratch,scratch55.png,50347,6eea1d7c852731d5035a165b207f8af9e0b44765a8fa842ed5701d4bf55236f7,256,256,L,valid,,False
D:/Quantization embedded/datasets/calibration/dataset/test/scratch/scratch57.png,datasets/calibration/dataset/test/scratch/scratch57.png,test,scratch,scratch57.png,34338,12292ce9b5dd1c5f76d985fe440eaa504e6cdcd3ee2307de65f2cd1cb835f9bb,256,256,L,valid,,False
D:/Quantization embedded/datasets/calibration/dataset/test/scratch/scratch65.png,datasets/calibration/dataset/test/scratch/scratch65.png,test,scratch,scratch65.png,41106,1163115e54a061d387acf13680db8e71212abeda38e49d13efd5f4653b7b5990,256,256,L,valid,,False
D:/Quantization embedded/datasets/calibration/dataset/test/scratch/scratch68.png,datasets/calibration/dataset/test/scratch/scratch68.png,test,scratch,scratch68.png,43292,333ba5624eea52613ddffca7f6749e96a5ca85689f109bffd88456217f92fd67,256,256,L,valid,,False
D:/Quantization embedded/datasets/calibration/dataset/test/scratch/scratch70.png,datasets/calibration/dataset/test/scratch/scratch70.png,test,scratch,scratch70.png,41187,6e5a3e60965b45e9f60dd51ec9f6ce6636b384b2140a498b4e2f8e24e315b208,256,256,L,valid,,False
D:/Quantization embedded/datasets/calibration/dataset/test/scratch/scratch78.png,datasets/calibration/dataset/test/scratch/scratch78.png,test,scratch,scratch78.png,17484,3c9ef4cdff6ca200a2e626c4494629b5400eaa8dc4e7fed9239b7ef3098f68b9,256,256,L,valid,,False
D:/Quantization embedded/datasets/calibration/dataset/test/scratch/scratch80.png,datasets/calibration/dataset/test/scratch/scratch80.png,test,scratch,scratch80.png,41123,8775aa0f50910f353301384636faec95b7f62cfc4ec887e01ce913ec8601ac44,256,256,L,valid,,False
D:/Quantization embedded/datasets/calibration/dataset/test/scratch/scratch82.png,datasets/calibration/dataset/test/scratch/scratch82.png,test,scratch,scratch82.png,42843,7cae200afc7a6665e9468f618aba8e6e39b2adbc823d95184ff079f029acab46,256,256,L,valid,,False
D:/Quantization embedded/datasets/calibration/dataset/test/scratch/scratch83.png,datasets/calibration/dataset/test/scratch/scratch83.png,test,scratch,scratch83.png,41083,9ff38393721d1c909e656afd50319c80a66e258e8b19a924e24f40cf15c39fcb,256,256,L,valid,,False
D:/Quantization embedded/datasets/calibration/dataset/test/scratch/scratch87.png,datasets/calibration/dataset/test/scratch/scratch87.png,test,scratch,scratch87.png,32622,7b50e1b53a6146af845d408055d4f181fce15f921952f639cd5fccce379023bf,256,256,L,valid,,False
D:/Quantization embedded/datasets/calibration/dataset/test/scratch/scratch95.png,datasets/calibration/dataset/test/scratch/scratch95.png,test,scratch,scratch95.png,44519,024788f05e57c245dca8bfa4727372e8f5db13073042238ea42de550e2edf8ba,256,256,L,valid,,False
D:/Quantization embedded/datasets/calibration/dataset/test/vias/vias114.png,datasets/calibration/dataset/test/vias/vias114.png,test,vias,vias114.png,25938,ccbf515f805c07d80418902be0a0c60da925c267582a8ffa557495bc90a38b11,256,256,L,valid,,False
D:/Quantization embedded/datasets/calibration/dataset/test/vias/vias116.png,datasets/calibration/dataset/test/vias/vias116.png,test,vias,vias116.png,29198,f7660722b963c82a358628364a5bfdcc522c0bd0285783aa1739734be7e02402,256,256,L,valid,,False
D:/Quantization embedded/datasets/calibration/dataset/test/vias/vias119.png,datasets/calibration/dataset/test/vias/vias119.png,test,vias,vias119.png,29799,00b744ee3197f7040a79fe7196850a8262a183e42c90d2c7caf10e00f0fd0149,256,256,L,valid,,False
D:/Quantization embedded/datasets/calibration/dataset/test/vias/vias12.png,datasets/calibration/dataset/test/vias/vias12.png,test,vias,vias12.png,29456,c6ff48fedff4138eb3a6ef108c57ae46553e28e176edfe3af81cbf2ca323d12c,256,256,L,valid,,False
D:/Quantization embedded/datasets/calibration/dataset/test/vias/vias123.png,datasets/calibration/dataset/test/vias/vias123.png,test,vias,vias123.png,29260,5d971384ba1c75ee2dd84bcc9eadc0ef029bdc8da9322e400a0f2adf0d789993,256,256,L,valid,,False
D:/Quantization embedded/datasets/calibration/dataset/test/vias/vias126.png,datasets/calibration/dataset/test/vias/vias126.png,test,vias,vias126.png,25897,f540490b1607c9a7db05ef7d2e7c0765cce9a9dd6fbc7b3b907e4299fb5fb1e5,256,256,L,valid,,False
D:/Quantization embedded/datasets/calibration/dataset/test/vias/vias127.png,datasets/calibration/dataset/test/vias/vias127.png,test,vias,vias127.png,30095,a3f09900871c5f1bec0535956357bbf8fd29a5e0084ec7bb7901e6b5d9480e7f,256,256,L,valid,,False
D:/Quantization embedded/datasets/calibration/dataset/test/vias/vias14.png,datasets/calibration/dataset/test/vias/vias14.png,test,vias,vias14.png,25420,75e0c69b213db513e56ae73294c277c711ca945f6e2328a4d9c6be6cc137d660,256,256,L,valid,,False
D:/Quantization embedded/datasets/calibration/dataset/test/vias/vias141.png,datasets/calibration/dataset/test/vias/vias141.png,test,vias,vias141.png,29766,976c8b2804190db953751232fe80d9a058754254c73a7ec507f187904171ffa8,256,256,L,valid,,False
D:/Quantization embedded/datasets/calibration/dataset/test/vias/vias143.png,datasets/calibration/dataset/test/vias/vias143.png,test,vias,vias143.png,30081,0da046550fb0a5f06d95400c1c0220f1ff63a512e9815b67777d86e1b2748aab,256,256,L,valid,,False
D:/Quantization embedded/datasets/calibration/dataset/test/vias/vias145.png,datasets/calibration/dataset/test/vias/vias145.png,test,vias,vias145.png,25695,96e29c1da359f567dc10809b7c2c48336320286e842e27b0f9e2b02fde2a0484,256,256,L,valid,,False
D:/Quantization embedded/datasets/calibration/dataset/test/vias/vias152.png,datasets/calibration/dataset/test/vias/vias152.png,test,vias,vias152.png,29583,9b183bffcdeff26a61b06142d35a28469903897c3720daa2f93fd3efb19b4475,256,256,L,valid,,False
D:/Quantization embedded/datasets/calibration/dataset/test/vias/vias159.png,datasets/calibration/dataset/test/vias/vias159.png,test,vias,vias159.png,29799,ecfb907b3a69b20044ded3f08e11a98a9461d44237ae183523b1e6e2fc04cac7,256,256,L,valid,,False
D:/Quantization embedded/datasets/calibration/dataset/test/vias/vias32.png,datasets/calibration/dataset/test/vias/vias32.png,test,vias,vias32.png,25466,640f1bb9123753ddbb7db19b47f854868953a050cf8ee744f3279d936811d35f,256,256,L,valid,,False
D:/Quantization embedded/datasets/calibration/dataset/test/vias/vias37.png,datasets/calibration/dataset/test/vias/vias37.png,test,vias,vias37.png,29974,60cb71ac625010d3fb81d49a014e0069bb3d36a6d96a6153b8ed1aef5780e42a,256,256,L,valid,,False
D:/Quantization embedded/datasets/calibration/dataset/test/vias/vias39.png,datasets/calibration/dataset/test/vias/vias39.png,test,vias,vias39.png,29428,61627b01049bd2a9f6604e84efddfe82bc1e5902b6c2851f986ea44e6c759070,256,256,L,valid,,False
D:/Quantization embedded/datasets/calibration/dataset/test/vias/vias41.png,datasets/calibration/dataset/test/vias/vias41.png,test,vias,vias41.png,29894,0cf46db9230075490b1396d4fe4e0811cd4dc80c2145bba71a282505f651c26c,256,256,L,valid,,False
D:/Quantization embedded/datasets/calibration/dataset/test/vias/vias43.png,datasets/calibration/dataset/test/vias/vias43.png,test,vias,vias43.png,25774,f2a501ec7c2ad5ef6f17282516b4bf5a1b1373a35924870654813f5a51a6dd2b,256,256,L,valid,,False
D:/Quantization embedded/datasets/calibration/dataset/test/vias/vias48.png,datasets/calibration/dataset/test/vias/vias48.png,test,vias,vias48.png,29621,7ecbb0f00ed6058c24915187d95648584a5f943feb77365ac932a3a3b5bb9ee9,256,256,L,valid,,False
D:/Quantization embedded/datasets/calibration/dataset/test/vias/vias49.png,datasets/calibration/dataset/test/vias/vias49.png,test,vias,vias49.png,29688,6069d5cde48dc55ff471103ffe2f8a8310402a03f974b452df65df3e03ef070b,256,256,L,valid,,False
D:/Quantization embedded/datasets/calibration/dataset/test/vias/vias52.png,datasets/calibration/dataset/test/vias/vias52.png,test,vias,vias52.png,29944,0fc9946a29bd5b0fffef4e8a63158b02d88d83d7ad973a1872cf8e5800fd4986,256,256,L,valid,,False
D:/Quantization embedded/datasets/calibration/dataset/test/vias/vias7.jpeg,datasets/calibration/dataset/test/vias/vias7.jpeg,test,vias,vias7.jpeg,4118,2d95ef491d79b9636c263f5f37da4224429800c3dc3ce78f2526300d51bb32a7,184,176,RGB,valid,,False
D:/Quantization embedded/datasets/calibration/dataset/test/vias/vias71.png,datasets/calibration/dataset/test/vias/vias71.png,test,vias,vias71.png,27594,018411b8ee19ca4329a9075c79f1dd95d0030dd6afa36f028049e9a104d8ab56,256,256,L,valid,,False
D:/Quantization embedded/datasets/calibration/dataset/test/vias/vias74.png,datasets/calibration/dataset/test/vias/vias74.png,test,vias,vias74.png,29484,92a5ef5397ad0a6a5da85d4e320589d29d0b48b4f34a6c4dff2887f3d9728305,256,256,L,valid,,False
D:/Quantization embedded/datasets/calibration/dataset/test/vias/vias96.png,datasets/calibration/dataset/test/vias/vias96.png,test,vias,vias96.png,29470,a598431c45225a888ab874d0321181df7be0d2ad51883a87f4d90c1a835bf9fb,256,256,L,valid,,False
